ctime,schemaname,relname,seq_scan,seq_tup_read,idx_scan,idx_tup_fetch,n_tup_ins,n_tup_upd,n_tup_del,n_tup_hot_upd,n_live_tup,n_dead_tup,heap_blks_read,heap_blks_hit,idx_blks_read,idx_blks_hit,toast_blks_read,toast_blks_hit,tidx_blks_read,tidx_blks_hit
1415057273.4533,pg_catalog,pg_attrdef,0,0,0,0,0,0,0,0,0,0,0,0,0,0,0,0,0,0
1415057273.4533,pg_catalog,pg_db_role_setting,0,0,25668,0,0,0,0,0,0,0,0,0,954,24714,0,0,0,0
1415057273.4533,pg_catalog,pg_rowsecurity,0,0,0,0,0,0,0,0,0,0,0,0,0,0,,,,
1415057273.4533,pg_catalog,pg_description,0,0,420,0,0,0,0,0,0,0,0,0,120,819,0,0,0,0
1415057273.4533,pg_catalog,pg_foreign_data_wrapper,0,0,0,0,0,0,0,0,0,0,0,0,0,0,,,,
1415057273.4533,pg_catalog,pg_conversion,0,0,0,0,0,0,0,0,0,0,0,0,0,0,,,,
1415057273.4533,information_schema,sql_features,0,0,,,0,0,0,0,0,0,0,0,,,0,0,0,0
1415057273.4533,pg_catalog,pg_class,5642,1566464,231795,221894,193,69,155,65,337,72,7225,270640,7835,471044,,,,
1415057273.4533,pg_catalog,pg_opfamily,0,0,0,0,0,0,0,0,0,0,0,0,0,0,,,,
1415057273.4533,pg_catalog,pg_auth_members,0,0,0,0,0,0,0,0,0,0,0,0,0,0,,,,
1415057273.4533,pg_catalog,pg_operator,0,0,31850,132315,0,0,0,0,0,0,8785,85927,5930,65970,,,,
1415057273.4533,information_schema,sql_packages,0,0,,,0,0,0,0,0,0,0,0,,,0,0,0,0
1415057273.4533,pg_catalog,pg_attribute,473,3225,152813,289286,822,30,644,7,2514,10,8894,162778,4724,311537,,,,
1415057273.4533,pg_catalog,pg_tablespace,2,4,4464,4464,0,0,0,0,0,0,755,3711,1517,7425,,,,
1415057273.4533,pg_catalog,pg_statistic,0,0,28817,25362,195,404,132,125,464,91,4316,22849,2465,60672,294,1039,314,1069
1415057273.4533,pg_catalog,pg_aggregate,0,0,2105,2105,0,0,0,0,0,0,692,1413,1384,2402,,,,
1415057273.4533,pg_catalog,pg_inherits,0,0,99,0,0,0,0,0,0,0,0,0,40,59,,,,
1415057273.4533,information_schema,sql_sizing,0,0,,,0,0,0,0,0,0,0,0,,,0,0,0,0
1415057273.4533,pg_catalog,pg_enum,0,0,0,0,0,0,0,0,0,0,0,0,0,0,,,,
1415057273.4533,pg_toast,pg_toast_2396,0,0,0,0,0,0,0,0,0,0,0,0,0,0,,,,
1415057273.4533,pg_catalog,pg_pltemplate,0,0,0,0,0,0,0,0,0,0,0,0,0,0,,,,
1415057273.4533,pg_toast,pg_toast_2618,0,0,2592,8290,0,0,0,0,0,0,875,2248,341,3813,,,,
1415057273.4533,public,supplier,7,400000,40,40,100000,0,0,0,100000,0,2312,15688,6,104,,,,
1415057273.4533,pg_toast,pg_toast_3596,0,0,0,0,0,0,0,0,0,0,0,0,0,0,,,,
1415057273.4533,pg_toast,pg_toast_11747,0,0,0,0,0,0,0,0,0,0,0,0,0,0,,,,
1415057273.4533,pg_toast,pg_toast_11727,0,0,0,0,0,0,0,0,0,0,0,0,0,0,,,,
1415057273.4533,pg_toast,pg_toast_2606,0,0,0,0,0,0,0,0,0,0,0,0,0,0,,,,
1415057273.4533,public,partsupp,5,24000000,40,40,8000000,0,0,0,8000000,0,340611,954549,12,118,,,,
1415057273.4533,pg_toast,pg_toast_2964,0,0,0,0,0,0,0,0,0,0,0,0,0,0,,,,
1415057273.4533,pg_catalog,pg_database,1551,6150,24668,24666,1,0,0,0,1,0,659,25559,4002,33493,,,,
1415057273.4533,information_schema,sql_parts,0,0,,,0,0,0,0,0,0,0,0,,,0,0,0,0
1415057273.4533,pg_toast,pg_toast_2620,0,0,0,0,0,0,0,0,0,0,0,0,0,0,,,,
1415057273.4533,pg_toast,pg_toast_11737,0,0,0,0,0,0,0,0,0,0,0,0,0,0,,,,
1415057273.4533,pg_catalog,pg_depend,0,0,4316,4610,825,0,735,0,6685,736,568,5270,955,11435,,,,
1415057273.4533,pg_catalog,pg_language,0,0,0,0,0,0,0,0,0,0,0,0,0,0,,,,
1415057273.4533,information_schema,sql_implementation_info,0,0,,,0,0,0,0,0,0,0,0,,,0,0,0,0
1415057273.4533,pg_catalog,pg_amproc,86,172,20980,32553,0,0,0,0,0,0,1019,19881,2862,45008,,,,
1415057273.4533,pg_catalog,pg_collation,0,0,0,0,0,0,0,0,0,0,0,0,0,0,,,,
1415057273.4533,pg_catalog,pg_range,0,0,734,0,0,0,0,0,0,0,0,0,1150,318,,,,
1415057273.4533,pg_toast,pg_toast_2609,0,0,0,0,0,0,0,0,0,0,0,0,0,0,,,,
1415057273.4533,public,part,8,12000000,26,26,2000000,0,0,0,2000000,0,79007,327741,10,108,,,,
1415057273.4533,pg_catalog,pg_opclass,86,86,26540,301550,0,0,0,0,0,0,2174,115324,3068,32086,,,,
1415057273.4533,pg_toast,pg_toast_11752,0,0,0,0,0,0,0,0,0,0,0,0,0,0,,,,
1415057273.4533,pg_catalog,pg_rewrite,0,0,3940,3781,53,0,53,0,110,53,983,3081,500,6244,875,2248,682,7626
1415057273.4533,public,orders,10,60000000,30,30,15000000,0,0,0,15000000,0,504554,1558810,8,118,,,,
1415057273.4533,pg_toast,pg_toast_1255,0,0,0,0,0,0,0,0,0,0,0,0,0,0,,,,
1415057273.4533,pg_catalog,pg_seclabel,0,0,420,0,0,0,0,0,0,0,0,0,40,380,0,0,0,0
1415057273.4533,public,region,6,10,8,8,5,0,0,0,5,0,1,11,2,9,,,,
1415057273.4533,information_schema,sql_languages,0,0,,,0,0,0,0,0,0,0,0,,,0,0,0,0
1415057273.4533,pg_catalog,pg_ts_parser,0,0,0,0,0,0,0,0,0,0,0,0,0,0,,,,
1415057273.4533,pg_catalog,pg_trigger,0,0,0,0,0,0,0,0,0,0,0,0,0,0,0,0,0,0
1415057273.4533,pg_catalog,pg_shseclabel,0,0,0,0,0,0,0,0,0,0,0,0,0,0,,,,
1415057273.4533,pg_catalog,pg_event_trigger,0,0,223,0,0,0,0,0,0,0,0,0,39,184,,,,
1415057273.4533,pg_toast,pg_toast_11742,0,0,0,0,0,0,0,0,0,0,0,0,0,0,,,,
1415057273.4533,pg_catalog,pg_foreign_table,0,0,0,0,0,0,0,0,0,0,0,0,0,0,,,,
1415057273.4533,information_schema,sql_sizing_profiles,0,0,,,0,0,0,0,0,0,0,0,,,0,0,0,0
1415057273.4533,pg_catalog,pg_extension,0,0,0,0,0,0,0,0,0,0,0,0,0,0,,,,
1415057273.4533,pg_catalog,pg_ts_config,0,0,0,0,0,0,0,0,0,0,0,0,0,0,,,,
1415057273.4533,public,lineitem,13,539874468,56,56,59986052,0,0,0,59986240,0,10800711,2461663,22,338,,,,
1415057273.4533,pg_catalog,pg_shdescription,0,0,0,0,0,0,0,0,0,0,0,0,0,0,0,0,0,0
1415057273.4533,public,customer,10,9000000,28,28,1500000,0,0,0,1500000,0,68533,294885,10,114,,,,
1415057273.4533,pg_catalog,pg_cast,0,0,136492,37642,0,0,0,0,0,0,1301,36341,1501,140278,,,,
1415057273.4533,pg_catalog,pg_amop,0,0,42904,59198,0,0,0,0,0,0,2770,56428,4562,88569,,,,
1415057273.4533,public,nation,13,50,42,42,25,0,0,0,25,0,1,45,2,49,,,,
1415057273.4533,pg_catalog,pg_user_mapping,0,0,0,0,0,0,0,0,0,0,0,0,0,0,,,,
1415057273.4533,public,time_statistics,1,1,,,4,1,0,1,4,1,2,4,,,,,,
1415057273.4533,pg_catalog,pg_type,0,0,115027,114252,215,0,196,0,360,73,3130,111994,3631,233613,,,,
1415057273.4533,pg_catalog,pg_largeobject,0,0,0,0,0,0,0,0,0,0,0,0,0,0,,,,
1415057273.4533,pg_catalog,pg_ts_config_map,0,0,0,0,0,0,0,0,0,0,0,0,0,0,,,,
1415057273.4533,pg_catalog,pg_largeobject_metadata,0,0,0,0,0,0,0,0,0,0,0,0,0,0,,,,
1415057273.4533,pg_catalog,pg_am,5994,5994,0,0,0,0,0,0,0,0,892,5102,0,0,,,,
1415057273.4533,pg_toast,pg_toast_11722,0,0,0,0,0,0,0,0,0,0,0,0,0,0,,,,
1415057273.4533,pg_catalog,pg_ts_template,0,0,0,0,0,0,0,0,0,0,0,0,0,0,,,,
1415057273.4533,pg_catalog,pg_foreign_server,0,0,0,0,0,0,0,0,0,0,0,0,0,0,,,,
1415057273.4533,pg_catalog,pg_namespace,1356,12942,44640,39248,6,0,0,0,6,0,772,39848,1848,49410,,,,
1415057273.4533,pg_toast,pg_toast_2619,0,0,736,1642,281,0,30,0,251,30,294,1039,314,1069,,,,
1415057273.4533,pg_catalog,pg_authid,533,533,10830,10830,0,0,0,0,0,0,761,10602,3058,18602,,,,
1415057273.4533,pg_catalog,pg_default_acl,0,0,436,0,0,0,0,0,0,0,0,0,39,397,,,,
1415057273.4533,pg_catalog,pg_shdepend,0,0,537,116,0,0,0,0,0,0,39,77,158,589,,,,
1415057273.4533,pg_catalog,pg_constraint,0,0,40,16,24,0,16,0,8,16,13,116,24,224,0,0,0,0
1415057273.4533,pg_catalog,pg_index,2877,365828,49573,70087,84,0,56,0,143,56,3229,62195,3275,56360,,,,
1415057273.4533,pg_catalog,pg_ts_dict,0,0,0,0,0,0,0,0,0,0,0,0,0,0,,,,
1415057273.4533,pg_toast,pg_toast_2604,0,0,0,0,0,0,0,0,0,0,0,0,0,0,,,,
1415057273.4533,pg_toast,pg_toast_11732,0,0,0,0,0,0,0,0,0,0,0,0,0,0,,,,
1415057273.4533,pg_catalog,pg_proc,0,0,62644,91679,0,0,0,0,0,0,8948,64980,8215,127442,0,0,0,0
1415057333.45866,pg_catalog,pg_attrdef,0,0,0,0,0,0,0,0,0,0,0,0,0,0,0,0,0,0
1415057333.45866,pg_catalog,pg_db_role_setting,0,0,25768,0,0,0,0,0,0,0,0,0,955,24813,0,0,0,0
1415057333.45866,pg_catalog,pg_rowsecurity,0,0,0,0,0,0,0,0,0,0,0,0,0,0,,,,
1415057333.45866,pg_catalog,pg_description,0,0,420,0,0,0,0,0,0,0,0,0,120,819,0,0,0,0
1415057333.45866,pg_catalog,pg_foreign_data_wrapper,0,0,0,0,0,0,0,0,0,0,0,0,0,0,,,,
1415057333.45866,pg_catalog,pg_conversion,0,0,0,0,0,0,0,0,0,0,0,0,0,0,,,,
1415057333.45866,information_schema,sql_features,0,0,,,0,0,0,0,0,0,0,0,,,0,0,0,0
1415057333.45866,pg_catalog,pg_class,5652,1569514,232274,222358,193,69,155,65,337,72,7226,271214,7836,472036,,,,
1415057333.45866,pg_catalog,pg_opfamily,0,0,0,0,0,0,0,0,0,0,0,0,0,0,,,,
1415057333.45866,pg_catalog,pg_auth_members,0,0,0,0,0,0,0,0,0,0,0,0,0,0,,,,
1415057333.45866,pg_catalog,pg_operator,0,0,31915,132632,0,0,0,0,0,0,8797,86133,5932,66117,,,,
1415057333.45866,information_schema,sql_packages,0,0,,,0,0,0,0,0,0,0,0,,,0,0,0,0
1415057333.45866,pg_catalog,pg_attribute,473,3225,153125,289869,822,30,644,7,2514,10,8911,163097,4725,312178,,,,
1415057333.45866,pg_catalog,pg_tablespace,2,4,4476,4476,0,0,0,0,0,0,756,3722,1520,7448,,,,
1415057333.45866,pg_catalog,pg_statistic,0,0,28879,25409,195,404,132,125,464,91,4326,22886,2466,60805,319,1053,314,1099
1415057333.45866,pg_catalog,pg_aggregate,0,0,2108,2108,0,0,0,0,0,0,693,1415,1386,2406,,,,
1415057333.45866,pg_catalog,pg_inherits,0,0,99,0,0,0,0,0,0,0,0,0,40,59,,,,
1415057333.45866,information_schema,sql_sizing,0,0,,,0,0,0,0,0,0,0,0,,,0,0,0,0
1415057333.45866,pg_catalog,pg_enum,0,0,0,0,0,0,0,0,0,0,0,0,0,0,,,,
1415057333.45866,pg_toast,pg_toast_2396,0,0,0,0,0,0,0,0,0,0,0,0,0,0,,,,
1415057333.45866,pg_catalog,pg_pltemplate,0,0,0,0,0,0,0,0,0,0,0,0,0,0,,,,
1415057333.45866,pg_toast,pg_toast_2618,0,0,2597,8306,0,0,0,0,0,0,880,2249,341,3821,,,,
1415057333.45866,public,supplier,9,500000,25772,25772,100000,0,0,0,100000,0,4491,41420,284,51440,,,,
1415057333.45866,pg_toast,pg_toast_3596,0,0,0,0,0,0,0,0,0,0,0,0,0,0,,,,
1415057333.45866,pg_toast,pg_toast_11747,0,0,0,0,0,0,0,0,0,0,0,0,0,0,,,,
1415057333.45866,pg_toast,pg_toast_11727,0,0,0,0,0,0,0,0,0,0,0,0,0,0,,,,
1415057333.45866,pg_toast,pg_toast_2606,0,0,0,0,0,0,0,0,0,0,0,0,0,0,,,,
1415057333.45866,public,partsupp,5,24000000,26516,1628416,8000000,0,0,0,8000000,0,511567,2393440,20022,64145,,,,
1415057333.45866,pg_toast,pg_toast_2964,0,0,0,0,0,0,0,0,0,0,0,0,0,0,,,,
1415057333.45866,pg_catalog,pg_database,1555,6160,24747,24745,1,0,0,0,1,0,659,25642,4006,33617,,,,
1415057333.45866,information_schema,sql_parts,0,0,,,0,0,0,0,0,0,0,0,,,0,0,0,0
1415057333.45866,pg_toast,pg_toast_2620,0,0,0,0,0,0,0,0,0,0,0,0,0,0,,,,
1415057333.45866,pg_toast,pg_toast_11737,0,0,0,0,0,0,0,0,0,0,0,0,0,0,,,,
1415057333.45866,pg_catalog,pg_depend,0,0,4316,4610,825,0,735,0,6685,736,568,5270,955,11435,,,,
1415057333.45866,pg_catalog,pg_language,0,0,0,0,0,0,0,0,0,0,0,0,0,0,,,,
1415057333.45866,information_schema,sql_implementation_info,0,0,,,0,0,0,0,0,0,0,0,,,0,0,0,0
1415057333.45866,pg_catalog,pg_amproc,86,172,21027,32628,0,0,0,0,0,0,1019,19927,2862,45118,,,,
1415057333.45866,pg_catalog,pg_collation,0,0,0,0,0,0,0,0,0,0,0,0,0,0,,,,
1415057333.45866,pg_catalog,pg_range,0,0,737,0,0,0,0,0,0,0,0,0,1152,322,,,,
1415057333.45866,pg_toast,pg_toast_2609,0,0,0,0,0,0,0,0,0,0,0,0,0,0,,,,
1415057333.45866,public,part,9,14000000,33,2000032,2000000,0,0,0,2000000,0,119529,369021,5483,130,,,,
1415057333.45866,pg_catalog,pg_opclass,86,86,26592,302012,0,0,0,0,0,0,2174,115512,3068,32158,,,,
1415057333.45866,pg_toast,pg_toast_11752,0,0,0,0,0,0,0,0,0,0,0,0,0,0,,,,
1415057333.45866,pg_catalog,pg_rewrite,0,0,3947,3788,53,0,53,0,110,53,987,3084,500,6256,880,2249,682,7642
1415057333.45866,public,orders,10,60000000,30,30,15015000,0,0,0,15015000,0,504810,1559367,2828,132793,,,,
1415057333.45866,pg_toast,pg_toast_1255,0,0,0,0,0,0,0,0,0,0,0,0,0,0,,,,
1415057333.45866,pg_catalog,pg_seclabel,0,0,420,0,0,0,0,0,0,0,0,0,40,380,0,0,0,0
1415057333.45866,public,region,6439,32170,12,12,5,0,0,0,5,0,2,6446,4,12,,,,
1415057333.45866,information_schema,sql_languages,0,0,,,0,0,0,0,0,0,0,0,,,0,0,0,0
1415057333.45866,pg_catalog,pg_ts_parser,0,0,0,0,0,0,0,0,0,0,0,0,0,0,,,,
1415057333.45866,pg_catalog,pg_trigger,0,0,0,0,0,0,0,0,0,0,0,0,0,0,0,0,0,0
1415057333.45866,pg_catalog,pg_shseclabel,0,0,0,0,0,0,0,0,0,0,0,0,0,0,,,,
1415057333.45866,pg_catalog,pg_event_trigger,0,0,223,0,0,0,0,0,0,0,0,0,39,184,,,,
1415057333.45866,pg_toast,pg_toast_11742,0,0,0,0,0,0,0,0,0,0,0,0,0,0,,,,
1415057333.45866,pg_catalog,pg_foreign_table,0,0,0,0,0,0,0,0,0,0,0,0,0,0,,,,
1415057333.45866,information_schema,sql_sizing_profiles,0,0,,,0,0,0,0,0,0,0,0,,,0,0,0,0
1415057333.45866,pg_catalog,pg_extension,0,0,0,0,0,0,0,0,0,0,0,0,0,0,,,,
1415057333.45866,pg_catalog,pg_ts_config,0,0,0,0,0,0,0,0,0,0,0,0,0,0,,,,
1415057333.45866,public,lineitem,13,539874468,59,750808,60045669,0,0,0,60045857,0,11206838,2464366,109825,1305774,,,,
1415057333.45866,pg_catalog,pg_shdescription,0,0,0,0,0,0,0,0,0,0,0,0,0,0,0,0,0,0
1415057333.45866,public,customer,10,9000000,28,28,1500000,0,0,0,1500000,0,68533,294885,10,114,,,,
1415057333.45866,pg_catalog,pg_cast,0,0,136785,37727,0,0,0,0,0,0,1301,36426,1501,140584,,,,
1415057333.45866,pg_catalog,pg_amop,0,0,42983,59315,0,0,0,0,0,0,2772,56543,4562,88742,,,,
1415057333.45866,public,nation,14,75,25774,25774,25,0,0,0,25,0,2,25777,4,25780,,,,
1415057333.45866,pg_catalog,pg_user_mapping,0,0,0,0,0,0,0,0,0,0,0,0,0,0,,,,
1415057333.45866,public,time_statistics,4,16,,,7,4,0,4,7,4,2,13,,,,,,
1415057333.45866,pg_catalog,pg_type,0,0,115311,114536,215,0,196,0,360,73,3131,112277,3631,234196,,,,
1415057333.45866,pg_catalog,pg_largeobject,0,0,0,0,0,0,0,0,0,0,0,0,0,0,,,,
1415057333.45866,pg_catalog,pg_ts_config_map,0,0,0,0,0,0,0,0,0,0,0,0,0,0,,,,
1415057333.45866,pg_catalog,pg_largeobject_metadata,0,0,0,0,0,0,0,0,0,0,0,0,0,0,,,,
1415057333.45866,pg_catalog,pg_am,6010,6010,0,0,0,0,0,0,0,0,892,5118,0,0,,,,
1415057333.45866,pg_toast,pg_toast_11722,0,0,0,0,0,0,0,0,0,0,0,0,0,0,,,,
1415057333.45866,pg_catalog,pg_ts_template,0,0,0,0,0,0,0,0,0,0,0,0,0,0,,,,
1415057333.45866,pg_catalog,pg_foreign_server,0,0,0,0,0,0,0,0,0,0,0,0,0,0,,,,
1415057333.45866,pg_catalog,pg_namespace,1358,12966,44823,39417,6,0,0,0,6,0,772,40019,1849,49608,,,,
1415057333.45866,pg_toast,pg_toast_2619,0,0,761,1738,281,0,30,0,251,30,319,1053,314,1099,,,,
1415057333.45866,pg_catalog,pg_authid,536,536,10876,10876,0,0,0,0,0,0,762,10650,3062,18690,,,,
1415057333.45866,pg_catalog,pg_default_acl,0,0,436,0,0,0,0,0,0,0,0,0,39,397,,,,
1415057333.45866,pg_catalog,pg_shdepend,0,0,537,116,0,0,0,0,0,0,39,77,158,589,,,,
1415057333.45866,pg_catalog,pg_constraint,0,0,40,16,24,0,16,0,8,16,13,116,24,224,0,0,0,0
1415057333.45866,pg_catalog,pg_index,2882,366543,49679,70233,84,0,56,0,143,56,3231,62336,3275,56490,,,,
1415057333.45866,pg_catalog,pg_ts_dict,0,0,0,0,0,0,0,0,0,0,0,0,0,0,,,,
1415057333.45866,pg_toast,pg_toast_2604,0,0,0,0,0,0,0,0,0,0,0,0,0,0,,,,
1415057333.45866,pg_toast,pg_toast_11732,0,0,0,0,0,0,0,0,0,0,0,0,0,0,,,,
1415057333.45866,pg_catalog,pg_proc,0,0,62772,91869,0,0,0,0,0,0,8964,65114,8220,127720,0,0,0,0
1415057393.46258,pg_catalog,pg_attrdef,0,0,0,0,0,0,0,0,0,0,0,0,0,0,0,0,0,0
1415057393.46258,pg_catalog,pg_db_role_setting,0,0,25796,0,0,0,0,0,0,0,0,0,955,24841,0,0,0,0
1415057393.46258,pg_catalog,pg_rowsecurity,0,0,0,0,0,0,0,0,0,0,0,0,0,0,,,,
1415057393.46258,pg_catalog,pg_description,0,0,420,0,0,0,0,0,0,0,0,0,120,819,0,0,0,0
1415057393.46258,pg_catalog,pg_foreign_data_wrapper,0,0,0,0,0,0,0,0,0,0,0,0,0,0,,,,
1415057393.46258,pg_catalog,pg_conversion,0,0,0,0,0,0,0,0,0,0,0,0,0,0,,,,
1415057393.46258,information_schema,sql_features,0,0,,,0,0,0,0,0,0,0,0,,,0,0,0,0
1415057393.46258,pg_catalog,pg_class,5662,1572564,232616,222700,193,69,155,65,337,72,7229,271664,7840,472731,,,,
1415057393.46258,pg_catalog,pg_opfamily,0,0,0,0,0,0,0,0,0,0,0,0,0,0,,,,
1415057393.46258,pg_catalog,pg_auth_members,0,0,0,0,0,0,0,0,0,0,0,0,0,0,,,,
1415057393.46258,pg_catalog,pg_operator,0,0,31931,132648,0,0,0,0,0,0,8797,86149,5932,66156,,,,
1415057393.46258,information_schema,sql_packages,0,0,,,0,0,0,0,0,0,0,0,,,0,0,0,0
1415057393.46258,pg_catalog,pg_attribute,473,3225,153313,290169,822,30,644,7,2514,10,8914,163289,4728,312557,,,,
1415057393.46258,pg_catalog,pg_tablespace,2,4,4481,4481,0,0,0,0,0,0,756,3727,1520,7458,,,,
1415057393.46258,pg_catalog,pg_statistic,0,0,28900,25426,195,404,132,125,464,91,4327,22902,2466,60851,319,1056,314,1105
1415057393.46258,pg_catalog,pg_aggregate,0,0,2109,2109,0,0,0,0,0,0,693,1416,1386,2408,,,,
1415057393.46258,pg_catalog,pg_inherits,0,0,99,0,0,0,0,0,0,0,0,0,40,59,,,,
1415057393.46258,information_schema,sql_sizing,0,0,,,0,0,0,0,0,0,0,0,,,0,0,0,0
1415057393.46258,pg_catalog,pg_enum,0,0,0,0,0,0,0,0,0,0,0,0,0,0,,,,
1415057393.46258,pg_toast,pg_toast_2396,0,0,0,0,0,0,0,0,0,0,0,0,0,0,,,,
1415057393.46258,pg_catalog,pg_pltemplate,0,0,0,0,0,0,0,0,0,0,0,0,0,0,,,,
1415057393.46258,pg_toast,pg_toast_2618,0,0,2601,8320,0,0,0,0,0,0,884,2250,341,3827,,,,
1415057393.46258,public,supplier,9,500000,25772,25772,100000,0,0,0,100000,0,4491,41420,284,51440,,,,
1415057393.46258,pg_toast,pg_toast_3596,0,0,0,0,0,0,0,0,0,0,0,0,0,0,,,,
1415057393.46258,pg_toast,pg_toast_11747,0,0,0,0,0,0,0,0,0,0,0,0,0,0,,,,
1415057393.46258,pg_toast,pg_toast_11727,0,0,0,0,0,0,0,0,0,0,0,0,0,0,,,,
1415057393.46258,pg_toast,pg_toast_2606,0,0,0,0,0,0,0,0,0,0,0,0,0,0,,,,
1415057393.46258,public,partsupp,5,24000000,26516,1628416,8000000,0,0,0,8000000,0,511567,2393440,20022,64145,,,,
1415057393.46258,pg_toast,pg_toast_2964,0,0,0,0,0,0,0,0,0,0,0,0,0,0,,,,
1415057393.46258,pg_catalog,pg_database,1558,6172,24776,24774,1,0,0,0,1,0,659,25674,4006,33660,,,,
1415057393.46258,information_schema,sql_parts,0,0,,,0,0,0,0,0,0,0,0,,,0,0,0,0
1415057393.46258,pg_toast,pg_toast_2620,0,0,0,0,0,0,0,0,0,0,0,0,0,0,,,,
1415057393.46258,pg_toast,pg_toast_11737,0,0,0,0,0,0,0,0,0,0,0,0,0,0,,,,
1415057393.46258,pg_catalog,pg_depend,0,0,4316,4610,825,0,735,0,6685,736,568,5270,955,11435,,,,
1415057393.46258,pg_catalog,pg_language,0,0,0,0,0,0,0,0,0,0,0,0,0,0,,,,
1415057393.46258,information_schema,sql_implementation_info,0,0,,,0,0,0,0,0,0,0,0,,,0,0,0,0
1415057393.46258,pg_catalog,pg_amproc,86,172,21042,32652,0,0,0,0,0,0,1020,19941,2865,45151,,,,
1415057393.46258,pg_catalog,pg_collation,0,0,0,0,0,0,0,0,0,0,0,0,0,0,,,,
1415057393.46258,pg_catalog,pg_range,0,0,737,0,0,0,0,0,0,0,0,0,1152,322,,,,
1415057393.46258,pg_toast,pg_toast_2609,0,0,0,0,0,0,0,0,0,0,0,0,0,0,,,,
1415057393.46258,public,part,9,14000000,33,2000032,2000000,0,0,0,2000000,0,119529,369021,5483,130,,,,
1415057393.46258,pg_catalog,pg_opclass,86,86,26609,302196,0,0,0,0,0,0,2175,115580,3070,32182,,,,
1415057393.46258,pg_toast,pg_toast_11752,0,0,0,0,0,0,0,0,0,0,0,0,0,0,,,,
1415057393.46258,pg_catalog,pg_rewrite,0,0,3953,3794,53,0,53,0,110,53,991,3086,500,6266,884,2250,682,7654
1415057393.46258,public,orders,10,60000000,30,30,15015000,0,0,0,15015000,0,504810,1559367,2828,132793,,,,
1415057393.46258,pg_toast,pg_toast_1255,0,0,0,0,0,0,0,0,0,0,0,0,0,0,,,,
1415057393.46258,pg_catalog,pg_seclabel,0,0,420,0,0,0,0,0,0,0,0,0,40,380,0,0,0,0
1415057393.46258,public,region,6439,32170,12,12,5,0,0,0,5,0,2,6446,4,12,,,,
1415057393.46258,information_schema,sql_languages,0,0,,,0,0,0,0,0,0,0,0,,,0,0,0,0
1415057393.46258,pg_catalog,pg_ts_parser,0,0,0,0,0,0,0,0,0,0,0,0,0,0,,,,
1415057393.46258,pg_catalog,pg_trigger,0,0,0,0,0,0,0,0,0,0,0,0,0,0,0,0,0,0
1415057393.46258,pg_catalog,pg_shseclabel,0,0,0,0,0,0,0,0,0,0,0,0,0,0,,,,
1415057393.46258,pg_catalog,pg_event_trigger,0,0,223,0,0,0,0,0,0,0,0,0,39,184,,,,
1415057393.46258,pg_toast,pg_toast_11742,0,0,0,0,0,0,0,0,0,0,0,0,0,0,,,,
1415057393.46258,pg_catalog,pg_foreign_table,0,0,0,0,0,0,0,0,0,0,0,0,0,0,,,,
1415057393.46258,information_schema,sql_sizing_profiles,0,0,,,0,0,0,0,0,0,0,0,,,0,0,0,0
1415057393.46258,pg_catalog,pg_extension,0,0,0,0,0,0,0,0,0,0,0,0,0,0,,,,
1415057393.46258,pg_catalog,pg_ts_config,0,0,0,0,0,0,0,0,0,0,0,0,0,0,,,,
1415057393.46258,public,lineitem,13,539874468,59,750808,60045669,0,0,0,60045857,0,11206838,2464366,109825,1305774,,,,
1415057393.46258,pg_catalog,pg_shdescription,0,0,0,0,0,0,0,0,0,0,0,0,0,0,0,0,0,0
1415057393.46258,public,customer,10,9000000,28,28,1500000,0,0,0,1500000,0,68533,294885,10,114,,,,
1415057393.46258,pg_catalog,pg_cast,0,0,136847,37750,0,0,0,0,0,0,1301,36449,1501,140650,,,,
1415057393.46258,pg_catalog,pg_amop,0,0,43010,59348,0,0,0,0,0,0,2772,56576,4562,88802,,,,
1415057393.46258,public,nation,14,75,25774,25774,25,0,0,0,25,0,2,25777,4,25780,,,,
1415057393.46258,pg_catalog,pg_user_mapping,0,0,0,0,0,0,0,0,0,0,0,0,0,0,,,,
1415057393.46258,public,time_statistics,4,16,,,7,4,0,4,7,4,2,13,,,,,,
1415057393.46258,pg_catalog,pg_type,0,0,115387,114612,215,0,196,0,360,73,3131,112353,3631,234352,,,,
1415057393.46258,pg_catalog,pg_largeobject,0,0,0,0,0,0,0,0,0,0,0,0,0,0,,,,
1415057393.46258,pg_catalog,pg_ts_config_map,0,0,0,0,0,0,0,0,0,0,0,0,0,0,,,,
1415057393.46258,pg_catalog,pg_largeobject_metadata,0,0,0,0,0,0,0,0,0,0,0,0,0,0,,,,
1415057393.46258,pg_catalog,pg_am,6016,6016,0,0,0,0,0,0,0,0,893,5123,0,0,,,,
1415057393.46258,pg_toast,pg_toast_11722,0,0,0,0,0,0,0,0,0,0,0,0,0,0,,,,
1415057393.46258,pg_catalog,pg_ts_template,0,0,0,0,0,0,0,0,0,0,0,0,0,0,,,,
1415057393.46258,pg_catalog,pg_foreign_server,0,0,0,0,0,0,0,0,0,0,0,0,0,0,,,,
1415057393.46258,pg_catalog,pg_namespace,1360,12990,44978,39568,6,0,0,0,6,0,772,40172,1849,49769,,,,
1415057393.46258,pg_toast,pg_toast_2619,0,0,764,1744,281,0,30,0,251,30,319,1056,314,1105,,,,
1415057393.46258,pg_catalog,pg_authid,537,537,10886,10886,0,0,0,0,0,0,762,10661,3062,18710,,,,
1415057393.46258,pg_catalog,pg_default_acl,0,0,436,0,0,0,0,0,0,0,0,0,39,397,,,,
1415057393.46258,pg_catalog,pg_shdepend,0,0,537,116,0,0,0,0,0,0,39,77,158,589,,,,
1415057393.46258,pg_catalog,pg_constraint,0,0,40,16,24,0,16,0,8,16,13,116,24,224,0,0,0,0
1415057393.46258,pg_catalog,pg_index,2887,367258,49718,70283,84,0,56,0,143,56,3232,62409,3277,56537,,,,
1415057393.46258,pg_catalog,pg_ts_dict,0,0,0,0,0,0,0,0,0,0,0,0,0,0,,,,
1415057393.46258,pg_toast,pg_toast_2604,0,0,0,0,0,0,0,0,0,0,0,0,0,0,,,,
1415057393.46258,pg_toast,pg_toast_11732,0,0,0,0,0,0,0,0,0,0,0,0,0,0,,,,
1415057393.46258,pg_catalog,pg_proc,0,0,62844,91969,0,0,0,0,0,0,8967,65199,8220,127872,0,0,0,0
1415057453.46775,pg_catalog,pg_attrdef,0,0,0,0,0,0,0,0,0,0,0,0,0,0,0,0,0,0
1415057453.46775,pg_catalog,pg_db_role_setting,0,0,25872,0,0,0,0,0,0,0,0,0,956,24916,0,0,0,0
1415057453.46775,pg_catalog,pg_rowsecurity,0,0,0,0,0,0,0,0,0,0,0,0,0,0,,,,
1415057453.46775,pg_catalog,pg_description,0,0,420,0,0,0,0,0,0,0,0,0,120,819,0,0,0,0
1415057453.46775,pg_catalog,pg_foreign_data_wrapper,0,0,0,0,0,0,0,0,0,0,0,0,0,0,,,,
1415057453.46775,pg_catalog,pg_conversion,0,0,0,0,0,0,0,0,0,0,0,0,0,0,,,,
1415057453.46775,information_schema,sql_features,0,0,,,0,0,0,0,0,0,0,0,,,0,0,0,0
1415057453.46775,pg_catalog,pg_class,5672,1575614,233162,223224,193,69,155,65,337,72,7239,272289,7849,473854,,,,
1415057453.46775,pg_catalog,pg_opfamily,0,0,0,0,0,0,0,0,0,0,0,0,0,0,,,,
1415057453.46775,pg_catalog,pg_auth_members,0,0,0,0,0,0,0,0,0,0,0,0,0,0,,,,
1415057453.46775,pg_catalog,pg_operator,0,0,32044,133338,0,0,0,0,0,0,8811,86619,5941,66399,,,,
1415057453.46775,information_schema,sql_packages,0,0,,,0,0,0,0,0,0,0,0,,,0,0,0,0
1415057453.46775,pg_catalog,pg_attribute,473,3225,153685,290894,822,30,644,7,2514,10,8950,163654,4734,313315,,,,
1415057453.46775,pg_catalog,pg_tablespace,2,4,4494,4494,0,0,0,0,0,0,757,3739,1522,7482,,,,
1415057453.46775,pg_catalog,pg_statistic,0,0,28987,25495,195,404,132,125,464,91,4341,22957,2471,61033,350,1096,316,1161
1415057453.46775,pg_catalog,pg_aggregate,0,0,2115,2115,0,0,0,0,0,0,695,1420,1390,2415,,,,
1415057453.46775,pg_catalog,pg_inherits,0,0,99,0,0,0,0,0,0,0,0,0,40,59,,,,
1415057453.46775,information_schema,sql_sizing,0,0,,,0,0,0,0,0,0,0,0,,,0,0,0,0
1415057453.46775,pg_catalog,pg_enum,0,0,0,0,0,0,0,0,0,0,0,0,0,0,,,,
1415057453.46775,pg_toast,pg_toast_2396,0,0,0,0,0,0,0,0,0,0,0,0,0,0,,,,
1415057453.46775,pg_catalog,pg_pltemplate,0,0,0,0,0,0,0,0,0,0,0,0,0,0,,,,
1415057453.46775,pg_toast,pg_toast_2618,0,0,2606,8336,0,0,0,0,0,0,889,2251,343,3833,,,,
1415057453.46775,public,supplier,9,500000,3278551,3282541,100000,0,0,0,100000,0,4491,3296040,300,6575552,,,,
1415057453.46775,pg_toast,pg_toast_3596,0,0,0,0,0,0,0,0,0,0,0,0,0,0,,,,
1415057453.46775,pg_toast,pg_toast_11747,0,0,0,0,0,0,0,0,0,0,0,0,0,0,,,,
1415057453.46775,pg_toast,pg_toast_11727,0,0,0,0,0,0,0,0,0,0,0,0,0,0,,,,
1415057453.46775,pg_toast,pg_toast_2606,0,0,0,0,0,0,0,0,0,0,0,0,0,0,,,,
1415057453.46775,public,partsupp,6,32000000,48140,1714858,8000000,0,0,0,8000000,0,639627,2460455,33923,115486,,,,
1415057453.46775,pg_toast,pg_toast_2964,0,0,0,0,0,0,0,0,0,0,0,0,0,0,,,,
1415057453.46775,pg_catalog,pg_database,1561,6184,24841,24839,1,0,0,0,1,0,659,25742,4010,33759,,,,
1415057453.46775,information_schema,sql_parts,0,0,,,0,0,0,0,0,0,0,0,,,0,0,0,0
1415057453.46775,pg_toast,pg_toast_2620,0,0,0,0,0,0,0,0,0,0,0,0,0,0,,,,
1415057453.46775,pg_toast,pg_toast_11737,0,0,0,0,0,0,0,0,0,0,0,0,0,0,,,,
1415057453.46775,pg_catalog,pg_depend,0,0,4316,4610,825,0,735,0,6685,736,568,5270,955,11435,,,,
1415057453.46775,pg_catalog,pg_language,0,0,0,0,0,0,0,0,0,0,0,0,0,0,,,,
1415057453.46775,information_schema,sql_implementation_info,0,0,,,0,0,0,0,0,0,0,0,,,0,0,0,0
1415057453.46775,pg_catalog,pg_amproc,86,172,21100,32745,0,0,0,0,0,0,1020,19997,2865,45285,,,,
1415057453.46775,pg_catalog,pg_collation,0,0,0,0,0,0,0,0,0,0,0,0,0,0,,,,
1415057453.46775,pg_catalog,pg_range,0,0,741,0,0,0,0,0,0,0,0,0,1158,324,,,,
1415057453.46775,pg_toast,pg_toast_2609,0,0,0,0,0,0,0,0,0,0,0,0,0,0,,,,
1415057453.46775,public,part,10,16000000,47,4002038,2000000,0,0,0,2000000,0,162004,410314,10982,164,,,,
1415057453.46775,pg_catalog,pg_opclass,86,86,26674,302752,0,0,0,0,0,0,2177,115807,3072,32268,,,,
1415057453.46775,pg_toast,pg_toast_11752,0,0,0,0,0,0,0,0,0,0,0,0,0,0,,,,
1415057453.46775,pg_catalog,pg_rewrite,0,0,3960,3801,53,0,53,0,110,53,996,3088,502,6276,889,2251,686,7666
1415057453.46775,public,orders,10,60000000,3252802,3252802,15015000,0,0,0,15015000,0,1044303,4272646,43914,9867940,,,,
1415057453.46775,pg_toast,pg_toast_1255,0,0,0,0,0,0,0,0,0,0,0,0,0,0,,,,
1415057453.46775,pg_catalog,pg_seclabel,0,0,420,0,0,0,0,0,0,0,0,0,40,380,0,0,0,0
1415057453.46775,public,region,6439,32170,12,12,5,0,0,0,5,0,2,6446,4,12,,,,
1415057453.46775,information_schema,sql_languages,0,0,,,0,0,0,0,0,0,0,0,,,0,0,0,0
1415057453.46775,pg_catalog,pg_ts_parser,0,0,0,0,0,0,0,0,0,0,0,0,0,0,,,,
1415057453.46775,pg_catalog,pg_trigger,0,0,0,0,0,0,0,0,0,0,0,0,0,0,0,0,0,0
1415057453.46775,pg_catalog,pg_shseclabel,0,0,0,0,0,0,0,0,0,0,0,0,0,0,,,,
1415057453.46775,pg_catalog,pg_event_trigger,0,0,223,0,0,0,0,0,0,0,0,0,39,184,,,,
1415057453.46775,pg_toast,pg_toast_11742,0,0,0,0,0,0,0,0,0,0,0,0,0,0,,,,
1415057453.46775,pg_catalog,pg_foreign_table,0,0,0,0,0,0,0,0,0,0,0,0,0,0,,,,
1415057453.46775,information_schema,sql_sizing_profiles,0,0,,,0,0,0,0,0,0,0,0,,,0,0,0,0
1415057453.46775,pg_catalog,pg_extension,0,0,0,0,0,0,0,0,0,0,0,0,0,0,,,,
1415057453.46775,pg_catalog,pg_ts_config,0,0,0,0,0,0,0,0,0,0,0,0,0,0,,,,
1415057453.46775,public,lineitem,13,539874468,524092,25551691,60045669,0,0,0,60045857,0,13116307,17227633,263657,3352523,,,,
1415057453.46775,pg_catalog,pg_shdescription,0,0,0,0,0,0,0,0,0,0,0,0,0,0,0,0,0,0
1415057453.46775,public,customer,10,9000000,28,28,1500000,0,0,0,1500000,0,68533,294885,10,114,,,,
1415057453.46775,pg_catalog,pg_cast,0,0,137300,37876,0,0,0,0,0,0,1304,36572,1503,141118,,,,
1415057453.46775,pg_catalog,pg_amop,0,0,43117,59506,0,0,0,0,0,0,2777,56729,4568,89030,,,,
1415057453.46775,public,nation,16,125,25778,25778,25,0,0,0,25,0,3,25782,6,25784,,,,
1415057453.46775,pg_catalog,pg_user_mapping,0,0,0,0,0,0,0,0,0,0,0,0,0,0,,,,
1415057453.46775,public,time_statistics,8,50,,,11,8,0,8,11,8,3,24,,,,,,
1415057453.46775,pg_catalog,pg_type,0,0,115809,115034,215,0,196,0,360,73,3135,112771,3639,235208,,,,
1415057453.46775,pg_catalog,pg_largeobject,0,0,0,0,0,0,0,0,0,0,0,0,0,0,,,,
1415057453.46775,pg_catalog,pg_ts_config_map,0,0,0,0,0,0,0,0,0,0,0,0,0,0,,,,
1415057453.46775,pg_catalog,pg_largeobject_metadata,0,0,0,0,0,0,0,0,0,0,0,0,0,0,,,,
1415057453.46775,pg_catalog,pg_am,6034,6034,0,0,0,0,0,0,0,0,893,5141,0,0,,,,
1415057453.46775,pg_toast,pg_toast_11722,0,0,0,0,0,0,0,0,0,0,0,0,0,0,,,,
1415057453.46775,pg_catalog,pg_ts_template,0,0,0,0,0,0,0,0,0,0,0,0,0,0,,,,
1415057453.46775,pg_catalog,pg_foreign_server,0,0,0,0,0,0,0,0,0,0,0,0,0,0,,,,
1415057453.46775,pg_catalog,pg_namespace,1362,13014,45171,39744,6,0,0,0,6,0,773,40349,1853,49977,,,,
1415057453.46775,pg_toast,pg_toast_2619,0,0,815,1915,281,0,30,0,251,30,350,1096,316,1161,,,,
1415057453.46775,pg_catalog,pg_authid,538,538,10920,10920,0,0,0,0,0,0,763,10695,3066,18774,,,,
1415057453.46775,pg_catalog,pg_default_acl,0,0,436,0,0,0,0,0,0,0,0,0,39,397,,,,
1415057453.46775,pg_catalog,pg_shdepend,0,0,537,116,0,0,0,0,0,0,39,77,158,589,,,,
1415057453.46775,pg_catalog,pg_constraint,0,0,40,16,24,0,16,0,8,16,13,116,24,224,0,0,0,0
1415057453.46775,pg_catalog,pg_index,2892,367973,49862,70488,84,0,56,0,143,56,3238,62586,3279,56706,,,,
1415057453.46775,pg_catalog,pg_ts_dict,0,0,0,0,0,0,0,0,0,0,0,0,0,0,,,,
1415057453.46775,pg_toast,pg_toast_2604,0,0,0,0,0,0,0,0,0,0,0,0,0,0,,,,
1415057453.46775,pg_toast,pg_toast_11732,0,0,0,0,0,0,0,0,0,0,0,0,0,0,,,,
1415057453.46775,pg_catalog,pg_proc,0,0,63015,92216,0,0,0,0,0,0,8990,65371,8237,128231,0,0,0,0
1415057513.46731,pg_catalog,pg_attrdef,0,0,0,0,0,0,0,0,0,0,0,0,0,0,0,0,0,0
1415057513.46731,pg_catalog,pg_db_role_setting,0,0,25924,0,0,0,0,0,0,0,0,0,956,24968,0,0,0,0
1415057513.46731,pg_catalog,pg_rowsecurity,0,0,0,0,0,0,0,0,0,0,0,0,0,0,,,,
1415057513.46731,pg_catalog,pg_description,0,0,420,0,0,0,0,0,0,0,0,0,120,819,0,0,0,0
1415057513.46731,pg_catalog,pg_foreign_data_wrapper,0,0,0,0,0,0,0,0,0,0,0,0,0,0,,,,
1415057513.46731,pg_catalog,pg_conversion,0,0,0,0,0,0,0,0,0,0,0,0,0,0,,,,
1415057513.46731,information_schema,sql_features,0,0,,,0,0,0,0,0,0,0,0,,,0,0,0,0
1415057513.46731,pg_catalog,pg_class,5682,1578664,233633,223681,193,69,155,65,337,72,7240,272856,7852,474821,,,,
1415057513.46731,pg_catalog,pg_opfamily,0,0,0,0,0,0,0,0,0,0,0,0,0,0,,,,
1415057513.46731,pg_catalog,pg_auth_members,0,0,0,0,0,0,0,0,0,0,0,0,0,0,,,,
1415057513.46731,pg_catalog,pg_operator,0,0,32105,133674,0,0,0,0,0,0,8811,86850,5941,66538,,,,
1415057513.46731,information_schema,sql_packages,0,0,,,0,0,0,0,0,0,0,0,,,0,0,0,0
1415057513.46731,pg_catalog,pg_attribute,473,3225,153994,291472,822,30,644,7,2514,10,8954,163980,4734,313947,,,,
1415057513.46731,pg_catalog,pg_tablespace,2,4,4503,4503,0,0,0,0,0,0,757,3748,1522,7500,,,,
1415057513.46731,pg_catalog,pg_statistic,0,0,29050,25546,195,404,132,125,464,91,4350,22999,2471,61168,361,1121,316,1195
1415057513.46731,pg_catalog,pg_aggregate,0,0,2118,2118,0,0,0,0,0,0,695,1423,1390,2421,,,,
1415057513.46731,pg_catalog,pg_inherits,0,0,99,0,0,0,0,0,0,0,0,0,40,59,,,,
1415057513.46731,information_schema,sql_sizing,0,0,,,0,0,0,0,0,0,0,0,,,0,0,0,0
1415057513.46731,pg_catalog,pg_enum,0,0,0,0,0,0,0,0,0,0,0,0,0,0,,,,
1415057513.46731,pg_toast,pg_toast_2396,0,0,0,0,0,0,0,0,0,0,0,0,0,0,,,,
1415057513.46731,pg_catalog,pg_pltemplate,0,0,0,0,0,0,0,0,0,0,0,0,0,0,,,,
1415057513.46731,pg_toast,pg_toast_2618,0,0,2611,8352,0,0,0,0,0,0,894,2252,344,3840,,,,
1415057513.46731,public,supplier,9,500000,3302813,3306803,100000,0,0,0,100000,0,6669,3318124,578,6623947,,,,
1415057513.46731,pg_toast,pg_toast_3596,0,0,0,0,0,0,0,0,0,0,0,0,0,0,,,,
1415057513.46731,pg_toast,pg_toast_11747,0,0,0,0,0,0,0,0,0,0,0,0,0,0,,,,
1415057513.46731,pg_toast,pg_toast_11727,0,0,0,0,0,0,0,0,0,0,0,0,0,0,,,,
1415057513.46731,pg_toast,pg_toast_2606,0,0,0,0,0,0,0,0,0,0,0,0,0,0,,,,
1415057513.46731,public,partsupp,6,32000000,48140,1714858,8000000,0,0,0,8000000,0,639627,2460455,33923,115486,,,,
1415057513.46731,pg_toast,pg_toast_2964,0,0,0,0,0,0,0,0,0,0,0,0,0,0,,,,
1415057513.46731,pg_catalog,pg_database,1564,6196,24888,24886,1,0,0,0,1,0,659,25792,4010,33832,,,,
1415057513.46731,information_schema,sql_parts,0,0,,,0,0,0,0,0,0,0,0,,,0,0,0,0
1415057513.46731,pg_toast,pg_toast_2620,0,0,0,0,0,0,0,0,0,0,0,0,0,0,,,,
1415057513.46731,pg_toast,pg_toast_11737,0,0,0,0,0,0,0,0,0,0,0,0,0,0,,,,
1415057513.46731,pg_catalog,pg_depend,0,0,4316,4610,825,0,735,0,6685,736,568,5270,955,11435,,,,
1415057513.46731,pg_catalog,pg_language,0,0,0,0,0,0,0,0,0,0,0,0,0,0,,,,
1415057513.46731,information_schema,sql_implementation_info,0,0,,,0,0,0,0,0,0,0,0,,,0,0,0,0
1415057513.46731,pg_catalog,pg_amproc,86,172,21144,32813,0,0,0,0,0,0,1020,20041,2865,45385,,,,
1415057513.46731,pg_catalog,pg_collation,0,0,0,0,0,0,0,0,0,0,0,0,0,0,,,,
1415057513.46731,pg_catalog,pg_range,0,0,744,0,0,0,0,0,0,0,0,0,1158,330,,,,
1415057513.46731,pg_toast,pg_toast_2609,0,0,0,0,0,0,0,0,0,0,0,0,0,0,,,,
1415057513.46731,public,part,10,16000000,52,4015407,2000000,0,0,0,2000000,0,173428,410324,11051,181,,,,
1415057513.46731,pg_catalog,pg_opclass,86,86,26728,303378,0,0,0,0,0,0,2177,116053,3072,32339,,,,
1415057513.46731,pg_toast,pg_toast_11752,0,0,0,0,0,0,0,0,0,0,0,0,0,0,,,,
1415057513.46731,pg_catalog,pg_rewrite,0,0,3967,3808,53,0,53,0,110,53,1001,3090,502,6288,894,2252,688,7680
1415057513.46731,public,orders,11,75015000,3653281,3374538,15015000,0,0,0,15015000,0,1303416,4388791,85124,11029604,,,,
1415057513.46731,pg_toast,pg_toast_1255,0,0,0,0,0,0,0,0,0,0,0,0,0,0,,,,
1415057513.46731,pg_catalog,pg_seclabel,0,0,420,0,0,0,0,0,0,0,0,0,40,380,0,0,0,0
1415057513.46731,public,region,6440,32175,14,14,5,0,0,0,5,0,3,6448,6,13,,,,
1415057513.46731,information_schema,sql_languages,0,0,,,0,0,0,0,0,0,0,0,,,0,0,0,0
1415057513.46731,pg_catalog,pg_ts_parser,0,0,0,0,0,0,0,0,0,0,0,0,0,0,,,,
1415057513.46731,pg_catalog,pg_trigger,0,0,0,0,0,0,0,0,0,0,0,0,0,0,0,0,0,0
1415057513.46731,pg_catalog,pg_shseclabel,0,0,0,0,0,0,0,0,0,0,0,0,0,0,,,,
1415057513.46731,pg_catalog,pg_event_trigger,0,0,223,0,0,0,0,0,0,0,0,0,39,184,,,,
1415057513.46731,pg_toast,pg_toast_11742,0,0,0,0,0,0,0,0,0,0,0,0,0,0,,,,
1415057513.46731,pg_catalog,pg_foreign_table,0,0,0,0,0,0,0,0,0,0,0,0,0,0,,,,
1415057513.46731,information_schema,sql_sizing_profiles,0,0,,,0,0,0,0,0,0,0,0,,,0,0,0,0
1415057513.46731,pg_catalog,pg_extension,0,0,0,0,0,0,0,0,0,0,0,0,0,0,,,,
1415057513.46731,pg_catalog,pg_ts_config,0,0,0,0,0,0,0,0,0,0,0,0,0,0,,,,
1415057513.46731,public,lineitem,15,659965806,537469,25952174,60045669,0,0,0,60045857,0,13716271,19161096,279037,3392753,,,,
1415057513.46731,pg_catalog,pg_shdescription,0,0,0,0,0,0,0,0,0,0,0,0,0,0,0,0,0,0
1415057513.46731,public,customer,11,10500000,41,299874,1500000,0,0,0,1500000,0,103811,440210,851,143,,,,
1415057513.46731,pg_catalog,pg_cast,0,0,137662,37955,0,0,0,0,0,0,1304,36651,1503,141491,,,,
1415057513.46731,pg_catalog,pg_amop,0,0,43204,59631,0,0,0,0,0,0,2777,56854,4568,89218,,,,
1415057513.46731,public,nation,18,175,25784,25784,25,0,0,0,25,0,4,25789,8,25789,,,,
1415057513.46731,pg_catalog,pg_user_mapping,0,0,0,0,0,0,0,0,0,0,0,0,0,0,,,,
1415057513.46731,public,time_statistics,10,73,,,13,10,0,10,13,10,3,30,,,,,,
1415057513.46731,pg_catalog,pg_type,0,0,116089,115314,215,0,196,0,360,73,3135,113051,3643,235776,,,,
1415057513.46731,pg_catalog,pg_largeobject,0,0,0,0,0,0,0,0,0,0,0,0,0,0,,,,
1415057513.46731,pg_catalog,pg_ts_config_map,0,0,0,0,0,0,0,0,0,0,0,0,0,0,,,,
1415057513.46731,pg_catalog,pg_largeobject_metadata,0,0,0,0,0,0,0,0,0,0,0,0,0,0,,,,
1415057513.46731,pg_catalog,pg_am,6046,6046,0,0,0,0,0,0,0,0,893,5153,0,0,,,,
1415057513.46731,pg_toast,pg_toast_11722,0,0,0,0,0,0,0,0,0,0,0,0,0,0,,,,
1415057513.46731,pg_catalog,pg_ts_template,0,0,0,0,0,0,0,0,0,0,0,0,0,0,,,,
1415057513.46731,pg_catalog,pg_foreign_server,0,0,0,0,0,0,0,0,0,0,0,0,0,0,,,,
1415057513.46731,pg_catalog,pg_namespace,1364,13038,45346,39908,6,0,0,0,6,0,773,40515,1854,50164,,,,
1415057513.46731,pg_toast,pg_toast_2619,0,0,844,2000,281,0,30,0,251,30,361,1121,316,1195,,,,
1415057513.46731,pg_catalog,pg_authid,539,539,10942,10942,0,0,0,0,0,0,763,10718,3066,18818,,,,
1415057513.46731,pg_catalog,pg_default_acl,0,0,436,0,0,0,0,0,0,0,0,0,39,397,,,,
1415057513.46731,pg_catalog,pg_shdepend,0,0,537,116,0,0,0,0,0,0,39,77,158,589,,,,
1415057513.46731,pg_catalog,pg_constraint,0,0,40,16,24,0,16,0,8,16,13,116,24,224,0,0,0,0
1415057513.46731,pg_catalog,pg_index,2897,368688,49970,70641,84,0,56,0,143,56,3238,62731,3279,56833,,,,
1415057513.46731,pg_catalog,pg_ts_dict,0,0,0,0,0,0,0,0,0,0,0,0,0,0,,,,
1415057513.46731,pg_toast,pg_toast_2604,0,0,0,0,0,0,0,0,0,0,0,0,0,0,,,,
1415057513.46731,pg_toast,pg_toast_11732,0,0,0,0,0,0,0,0,0,0,0,0,0,0,,,,
1415057513.46731,pg_catalog,pg_proc,0,0,63143,92400,0,0,0,0,0,0,8996,65517,8237,128509,0,0,0,0
1415057573.47444,pg_catalog,pg_attrdef,0,0,0,0,0,0,0,0,0,0,0,0,0,0,0,0,0,0
1415057573.47444,pg_catalog,pg_db_role_setting,0,0,25964,0,0,0,0,0,0,0,0,0,956,25008,0,0,0,0
1415057573.47444,pg_catalog,pg_rowsecurity,0,0,0,0,0,0,0,0,0,0,0,0,0,0,,,,
1415057573.47444,pg_catalog,pg_description,0,0,420,0,0,0,0,0,0,0,0,0,120,819,0,0,0,0
1415057573.47444,pg_catalog,pg_foreign_data_wrapper,0,0,0,0,0,0,0,0,0,0,0,0,0,0,,,,
1415057573.47444,pg_catalog,pg_conversion,0,0,0,0,0,0,0,0,0,0,0,0,0,0,,,,
1415057573.47444,information_schema,sql_features,0,0,,,0,0,0,0,0,0,0,0,,,0,0,0,0
1415057573.47444,pg_catalog,pg_class,5692,1581714,234035,224077,193,69,155,65,337,72,7241,273362,7853,475646,,,,
1415057573.47444,pg_catalog,pg_opfamily,0,0,0,0,0,0,0,0,0,0,0,0,0,0,,,,
1415057573.47444,pg_catalog,pg_auth_members,0,0,0,0,0,0,0,0,0,0,0,0,0,0,,,,
1415057573.47444,pg_catalog,pg_operator,0,0,32137,133766,0,0,0,0,0,0,8811,86918,5941,66614,,,,
1415057573.47444,information_schema,sql_packages,0,0,,,0,0,0,0,0,0,0,0,,,0,0,0,0
1415057573.47444,pg_catalog,pg_attribute,473,3225,154242,291909,822,30,644,7,2514,10,8954,164241,4734,314454,,,,
1415057573.47444,pg_catalog,pg_tablespace,2,4,4510,4510,0,0,0,0,0,0,757,3755,1522,7514,,,,
1415057573.47444,pg_catalog,pg_statistic,0,0,29091,25578,195,404,132,125,464,91,4355,23026,2471,61257,363,1136,316,1213
1415057573.47444,pg_catalog,pg_aggregate,0,0,2120,2120,0,0,0,0,0,0,695,1425,1390,2425,,,,
1415057573.47444,pg_catalog,pg_inherits,0,0,99,0,0,0,0,0,0,0,0,0,40,59,,,,
1415057573.47444,information_schema,sql_sizing,0,0,,,0,0,0,0,0,0,0,0,,,0,0,0,0
1415057573.47444,pg_catalog,pg_enum,0,0,0,0,0,0,0,0,0,0,0,0,0,0,,,,
1415057573.47444,pg_toast,pg_toast_2396,0,0,0,0,0,0,0,0,0,0,0,0,0,0,,,,
1415057573.47444,pg_catalog,pg_pltemplate,0,0,0,0,0,0,0,0,0,0,0,0,0,0,,,,
1415057573.47444,pg_toast,pg_toast_2618,0,0,2616,8368,0,0,0,0,0,0,899,2253,344,3848,,,,
1415057573.47444,public,supplier,9,500000,3302818,3310795,100000,0,0,0,100000,0,6669,3319965,591,6623958,,,,
1415057573.47444,pg_toast,pg_toast_3596,0,0,0,0,0,0,0,0,0,0,0,0,0,0,,,,
1415057573.47444,pg_toast,pg_toast_11747,0,0,0,0,0,0,0,0,0,0,0,0,0,0,,,,
1415057573.47444,pg_toast,pg_toast_11727,0,0,0,0,0,0,0,0,0,0,0,0,0,0,,,,
1415057573.47444,pg_toast,pg_toast_2606,0,0,0,0,0,0,0,0,0,0,0,0,0,0,,,,
1415057573.47444,public,partsupp,6,32000000,48140,1714858,8000000,0,0,0,8000000,0,639627,2460455,33923,115486,,,,
1415057573.47444,pg_toast,pg_toast_2964,0,0,0,0,0,0,0,0,0,0,0,0,0,0,,,,
1415057573.47444,pg_catalog,pg_database,1567,6208,24926,24924,1,0,0,0,1,0,659,25833,4010,33890,,,,
1415057573.47444,information_schema,sql_parts,0,0,,,0,0,0,0,0,0,0,0,,,0,0,0,0
1415057573.47444,pg_toast,pg_toast_2620,0,0,0,0,0,0,0,0,0,0,0,0,0,0,,,,
1415057573.47444,pg_toast,pg_toast_11737,0,0,0,0,0,0,0,0,0,0,0,0,0,0,,,,
1415057573.47444,pg_catalog,pg_depend,0,0,4316,4610,825,0,735,0,6685,736,568,5270,955,11435,,,,
1415057573.47444,pg_catalog,pg_language,0,0,0,0,0,0,0,0,0,0,0,0,0,0,,,,
1415057573.47444,information_schema,sql_implementation_info,0,0,,,0,0,0,0,0,0,0,0,,,0,0,0,0
1415057573.47444,pg_catalog,pg_amproc,86,172,21174,32858,0,0,0,0,0,0,1020,20070,2865,45454,,,,
1415057573.47444,pg_catalog,pg_collation,0,0,0,0,0,0,0,0,0,0,0,0,0,0,,,,
1415057573.47444,pg_catalog,pg_range,0,0,745,0,0,0,0,0,0,0,0,0,1160,330,,,,
1415057573.47444,pg_toast,pg_toast_2609,0,0,0,0,0,0,0,0,0,0,0,0,0,0,,,,
1415057573.47444,public,part,10,16000000,52,4015407,2000000,0,0,0,2000000,0,173428,410324,11051,181,,,,
1415057573.47444,pg_catalog,pg_opclass,86,86,26761,303740,0,0,0,0,0,0,2177,116194,3072,32385,,,,
1415057573.47444,pg_toast,pg_toast_11752,0,0,0,0,0,0,0,0,0,0,0,0,0,0,,,,
1415057573.47444,pg_catalog,pg_rewrite,0,0,3974,3815,53,0,53,0,110,53,1006,3092,502,6300,899,2253,688,7696
1415057573.47444,public,orders,11,75015000,5167676,4888933,15015000,0,0,0,15015000,0,1499369,5707233,85154,15581052,,,,
1415057573.47444,pg_toast,pg_toast_1255,0,0,0,0,0,0,0,0,0,0,0,0,0,0,,,,
1415057573.47444,pg_catalog,pg_seclabel,0,0,420,0,0,0,0,0,0,0,0,0,40,380,0,0,0,0
1415057573.47444,public,region,6440,32175,14,14,5,0,0,0,5,0,3,6448,6,13,,,,
1415057573.47444,information_schema,sql_languages,0,0,,,0,0,0,0,0,0,0,0,,,0,0,0,0
1415057573.47444,pg_catalog,pg_ts_parser,0,0,0,0,0,0,0,0,0,0,0,0,0,0,,,,
1415057573.47444,pg_catalog,pg_trigger,0,0,0,0,0,0,0,0,0,0,0,0,0,0,0,0,0,0
1415057573.47444,pg_catalog,pg_shseclabel,0,0,0,0,0,0,0,0,0,0,0,0,0,0,,,,
1415057573.47444,pg_catalog,pg_event_trigger,0,0,223,0,0,0,0,0,0,0,0,0,39,184,,,,
1415057573.47444,pg_toast,pg_toast_11742,0,0,0,0,0,0,0,0,0,0,0,0,0,0,,,,
1415057573.47444,pg_catalog,pg_foreign_table,0,0,0,0,0,0,0,0,0,0,0,0,0,0,,,,
1415057573.47444,information_schema,sql_sizing_profiles,0,0,,,0,0,0,0,0,0,0,0,,,0,0,0,0
1415057573.47444,pg_catalog,pg_extension,0,0,0,0,0,0,0,0,0,0,0,0,0,0,,,,
1415057573.47444,pg_catalog,pg_ts_config,0,0,0,0,0,0,0,0,0,0,0,0,0,0,,,,
1415057573.47444,public,lineitem,15,659965806,1975636,65714801,60045669,0,0,0,60045857,0,14508092,20977587,545942,8987423,,,,
1415057573.47444,pg_catalog,pg_shdescription,0,0,0,0,0,0,0,0,0,0,0,0,0,0,0,0,0,0
1415057573.47444,public,customer,11,10500000,41,299874,1500000,0,0,0,1500000,0,103811,440210,851,143,,,,
1415057573.47444,pg_catalog,pg_cast,0,0,137801,37996,0,0,0,0,0,0,1304,36692,1503,141638,,,,
1415057573.47444,pg_catalog,pg_amop,0,0,43259,59703,0,0,0,0,0,0,2777,56926,4568,89339,,,,
1415057573.47444,public,nation,19,200,25786,25786,25,0,0,0,25,0,4,25792,8,25792,,,,
1415057573.47444,pg_catalog,pg_user_mapping,0,0,0,0,0,0,0,0,0,0,0,0,0,0,,,,
1415057573.47444,public,time_statistics,11,86,,,14,11,0,11,14,11,3,33,,,,,,
1415057573.47444,pg_catalog,pg_type,0,0,116238,115463,215,0,196,0,360,73,3135,113200,3643,236082,,,,
1415057573.47444,pg_catalog,pg_largeobject,0,0,0,0,0,0,0,0,0,0,0,0,0,0,,,,
1415057573.47444,pg_catalog,pg_ts_config_map,0,0,0,0,0,0,0,0,0,0,0,0,0,0,,,,
1415057573.47444,pg_catalog,pg_largeobject_metadata,0,0,0,0,0,0,0,0,0,0,0,0,0,0,,,,
1415057573.47444,pg_catalog,pg_am,6055,6055,0,0,0,0,0,0,0,0,893,5162,0,0,,,,
1415057573.47444,pg_toast,pg_toast_11722,0,0,0,0,0,0,0,0,0,0,0,0,0,0,,,,
1415057573.47444,pg_catalog,pg_ts_template,0,0,0,0,0,0,0,0,0,0,0,0,0,0,,,,
1415057573.47444,pg_catalog,pg_foreign_server,0,0,0,0,0,0,0,0,0,0,0,0,0,0,,,,
1415057573.47444,pg_catalog,pg_namespace,1366,13062,45512,40066,6,0,0,0,6,0,773,40675,1855,50339,,,,
1415057573.47444,pg_toast,pg_toast_2619,0,0,858,2039,281,0,30,0,251,30,363,1136,316,1213,,,,
1415057573.47444,pg_catalog,pg_authid,540,540,10958,10958,0,0,0,0,0,0,763,10735,3066,18850,,,,
1415057573.47444,pg_catalog,pg_default_acl,0,0,436,0,0,0,0,0,0,0,0,0,39,397,,,,
1415057573.47444,pg_catalog,pg_shdepend,0,0,537,116,0,0,0,0,0,0,39,77,158,589,,,,
1415057573.47444,pg_catalog,pg_constraint,0,0,40,16,24,0,16,0,8,16,13,116,24,224,0,0,0,0
1415057573.47444,pg_catalog,pg_index,2902,369403,50039,70734,84,0,56,0,143,56,3238,62836,3279,56917,,,,
1415057573.47444,pg_catalog,pg_ts_dict,0,0,0,0,0,0,0,0,0,0,0,0,0,0,,,,
1415057573.47444,pg_toast,pg_toast_2604,0,0,0,0,0,0,0,0,0,0,0,0,0,0,,,,
1415057573.47444,pg_toast,pg_toast_11732,0,0,0,0,0,0,0,0,0,0,0,0,0,0,,,,
1415057573.47444,pg_catalog,pg_proc,0,0,63239,92532,0,0,0,0,0,0,9001,65628,8238,128716,0,0,0,0
1415057633.47891,pg_catalog,pg_attrdef,0,0,0,0,0,0,0,0,0,0,0,0,0,0,0,0,0,0
1415057633.47891,pg_catalog,pg_db_role_setting,0,0,26052,0,0,0,0,0,0,0,0,0,956,25096,0,0,0,0
1415057633.47891,pg_catalog,pg_rowsecurity,0,0,0,0,0,0,0,0,0,0,0,0,0,0,,,,
1415057633.47891,pg_catalog,pg_description,0,0,420,0,0,0,0,0,0,0,0,0,120,819,0,0,0,0
1415057633.47891,pg_catalog,pg_foreign_data_wrapper,0,0,0,0,0,0,0,0,0,0,0,0,0,0,,,,
1415057633.47891,pg_catalog,pg_conversion,0,0,0,0,0,0,0,0,0,0,0,0,0,0,,,,
1415057633.47891,information_schema,sql_features,0,0,,,0,0,0,0,0,0,0,0,,,0,0,0,0
1415057633.47891,pg_catalog,pg_class,5703,1585101,234595,224615,193,69,155,65,337,72,7242,274021,7854,476814,,,,
1415057633.47891,pg_catalog,pg_opfamily,0,0,0,0,0,0,0,0,0,0,0,0,0,0,,,,
1415057633.47891,pg_catalog,pg_auth_members,0,0,0,0,0,0,0,0,0,0,0,0,0,0,,,,
1415057633.47891,pg_catalog,pg_operator,0,0,32238,134268,0,0,0,0,0,0,8811,87261,5941,66848,,,,
1415057633.47891,information_schema,sql_packages,0,0,,,0,0,0,0,0,0,0,0,,,0,0,0,0
1415057633.47891,pg_catalog,pg_attribute,473,3225,154633,292685,822,30,644,7,2514,10,8963,164655,4734,315261,,,,
1415057633.47891,pg_catalog,pg_tablespace,2,4,4525,4525,0,0,0,0,0,0,757,3770,1522,7544,,,,
1415057633.47891,pg_catalog,pg_statistic,0,0,29176,25640,195,404,132,125,464,91,4366,23077,2471,61444,392,1160,316,1261
1415057633.47891,pg_catalog,pg_aggregate,0,0,2129,2129,0,0,0,0,0,0,695,1434,1390,2440,,,,
1415057633.47891,pg_catalog,pg_inherits,0,0,99,0,0,0,0,0,0,0,0,0,40,59,,,,
1415057633.47891,information_schema,sql_sizing,0,0,,,0,0,0,0,0,0,0,0,,,0,0,0,0
1415057633.47891,pg_catalog,pg_enum,0,0,0,0,0,0,0,0,0,0,0,0,0,0,,,,
1415057633.47891,pg_toast,pg_toast_2396,0,0,0,0,0,0,0,0,0,0,0,0,0,0,,,,
1415057633.47891,pg_catalog,pg_pltemplate,0,0,0,0,0,0,0,0,0,0,0,0,0,0,,,,
1415057633.47891,pg_toast,pg_toast_2618,0,0,2622,8386,0,0,0,0,0,0,905,2254,344,3858,,,,
1415057633.47891,public,supplier,9,500000,3302819,3310851,100000,0,0,0,100000,0,6669,3320020,595,6623958,,,,
1415057633.47891,pg_toast,pg_toast_3596,0,0,0,0,0,0,0,0,0,0,0,0,0,0,,,,
1415057633.47891,pg_toast,pg_toast_11747,0,0,0,0,0,0,0,0,0,0,0,0,0,0,,,,
1415057633.47891,pg_toast,pg_toast_11727,0,0,0,0,0,0,0,0,0,0,0,0,0,0,,,,
1415057633.47891,pg_toast,pg_toast_2606,0,0,0,0,0,0,0,0,0,0,0,0,0,0,,,,
1415057633.47891,public,partsupp,7,40000000,48142,1714860,8000000,0,0,0,8000000,0,810585,2460457,33930,115487,,,,
1415057633.47891,pg_toast,pg_toast_2964,0,0,0,0,0,0,0,0,0,0,0,0,0,0,,,,
1415057633.47891,pg_catalog,pg_database,1570,6220,25000,24998,1,0,0,0,1,0,659,25910,4010,34008,,,,
1415057633.47891,information_schema,sql_parts,0,0,,,0,0,0,0,0,0,0,0,,,0,0,0,0
1415057633.47891,pg_toast,pg_toast_2620,0,0,0,0,0,0,0,0,0,0,0,0,0,0,,,,
1415057633.47891,pg_toast,pg_toast_11737,0,0,0,0,0,0,0,0,0,0,0,0,0,0,,,,
1415057633.47891,pg_catalog,pg_depend,0,0,4316,4610,825,0,735,0,6685,736,568,5270,955,11435,,,,
1415057633.47891,pg_catalog,pg_language,0,0,0,0,0,0,0,0,0,0,0,0,0,0,,,,
1415057633.47891,information_schema,sql_implementation_info,0,0,,,0,0,0,0,0,0,0,0,,,0,0,0,0
1415057633.47891,pg_catalog,pg_amproc,86,172,21260,32986,0,0,0,0,0,0,1020,20154,2865,45647,,,,
1415057633.47891,pg_catalog,pg_collation,0,0,0,0,0,0,0,0,0,0,0,0,0,0,,,,
1415057633.47891,pg_catalog,pg_range,0,0,750,0,0,0,0,0,0,0,0,0,1160,340,,,,
1415057633.47891,pg_toast,pg_toast_2609,0,0,0,0,0,0,0,0,0,0,0,0,0,0,,,,
1415057633.47891,public,part,10,16000000,62,4336101,2000000,0,0,0,2000000,0,213945,410326,11951,193,,,,
1415057633.47891,pg_catalog,pg_opclass,86,86,26866,304984,0,0,0,0,0,0,2177,116687,3072,32520,,,,
1415057633.47891,pg_toast,pg_toast_11752,0,0,0,0,0,0,0,0,0,0,0,0,0,0,,,,
1415057633.47891,pg_catalog,pg_rewrite,0,0,3983,3824,53,0,53,0,110,53,1012,3095,502,6316,905,2254,688,7716
1415057633.47891,public,orders,14,120060000,5167681,5456448,15015000,0,0,0,15015000,0,1505979,6688417,86709,15581073,,,,
1415057633.47891,pg_toast,pg_toast_1255,0,0,0,0,0,0,0,0,0,0,0,0,0,0,,,,
1415057633.47891,pg_catalog,pg_seclabel,0,0,420,0,0,0,0,0,0,0,0,0,40,380,0,0,0,0
1415057633.47891,public,region,6440,32175,14,14,5,0,0,0,5,0,3,6448,6,13,,,,
1415057633.47891,information_schema,sql_languages,0,0,,,0,0,0,0,0,0,0,0,,,0,0,0,0
1415057633.47891,pg_catalog,pg_ts_parser,0,0,0,0,0,0,0,0,0,0,0,0,0,0,,,,
1415057633.47891,pg_catalog,pg_trigger,0,0,0,0,0,0,0,0,0,0,0,0,0,0,0,0,0,0
1415057633.47891,pg_catalog,pg_shseclabel,0,0,0,0,0,0,0,0,0,0,0,0,0,0,,,,
1415057633.47891,pg_catalog,pg_event_trigger,0,0,223,0,0,0,0,0,0,0,0,0,39,184,,,,
1415057633.47891,pg_toast,pg_toast_11742,0,0,0,0,0,0,0,0,0,0,0,0,0,0,,,,
1415057633.47891,pg_catalog,pg_foreign_table,0,0,0,0,0,0,0,0,0,0,0,0,0,0,,,,
1415057633.47891,information_schema,sql_sizing_profiles,0,0,,,0,0,0,0,0,0,0,0,,,0,0,0,0
1415057633.47891,pg_catalog,pg_extension,0,0,0,0,0,0,0,0,0,0,0,0,0,0,,,,
1415057633.47891,pg_catalog,pg_ts_config,0,0,0,0,0,0,0,0,0,0,0,0,0,0,,,,
1415057633.47891,public,lineitem,16,720011475,2543151,66234984,60045669,0,0,0,60045857,0,15473662,21598675,649289,11155703,,,,
1415057633.47891,pg_catalog,pg_shdescription,0,0,0,0,0,0,0,0,0,0,0,0,0,0,0,0,0,0
1415057633.47891,public,customer,12,12000000,64,1172162,1500000,0,0,0,1500000,0,125978,559044,3605,189,,,,
1415057633.47891,pg_catalog,pg_cast,0,0,138392,38129,0,0,0,0,0,0,1304,36825,1503,142251,,,,
1415057633.47891,pg_catalog,pg_amop,0,0,43421,59941,0,0,0,0,0,0,2777,57164,4568,89690,,,,
1415057633.47891,public,nation,19,200,25786,25786,25,0,0,0,25,0,4,25792,8,25792,,,,
1415057633.47891,pg_catalog,pg_user_mapping,0,0,0,0,0,0,0,0,0,0,0,0,0,0,,,,
1415057633.47891,public,time_statistics,16,166,,,19,16,0,16,19,16,3,48,,,,,,
1415057633.47891,pg_catalog,pg_type,0,0,116719,115940,215,0,196,0,360,73,3135,113677,3646,237067,,,,
1415057633.47891,pg_catalog,pg_largeobject,0,0,0,0,0,0,0,0,0,0,0,0,0,0,,,,
1415057633.47891,pg_catalog,pg_ts_config_map,0,0,0,0,0,0,0,0,0,0,0,0,0,0,,,,
1415057633.47891,pg_catalog,pg_largeobject_metadata,0,0,0,0,0,0,0,0,0,0,0,0,0,0,,,,
1415057633.47891,pg_catalog,pg_am,6076,6076,0,0,0,0,0,0,0,0,893,5183,0,0,,,,
1415057633.47891,pg_toast,pg_toast_11722,0,0,0,0,0,0,0,0,0,0,0,0,0,0,,,,
1415057633.47891,pg_catalog,pg_ts_template,0,0,0,0,0,0,0,0,0,0,0,0,0,0,,,,
1415057633.47891,pg_catalog,pg_foreign_server,0,0,0,0,0,0,0,0,0,0,0,0,0,0,,,,
1415057633.47891,pg_catalog,pg_namespace,1368,13086,45717,40249,6,0,0,0,6,0,773,40860,1856,50567,,,,
1415057633.47891,pg_toast,pg_toast_2619,0,0,897,2170,281,0,30,0,251,30,392,1160,316,1261,,,,
1415057633.47891,pg_catalog,pg_authid,541,541,10998,10998,0,0,0,0,0,0,763,10776,3066,18930,,,,
1415057633.47891,pg_catalog,pg_default_acl,0,0,436,0,0,0,0,0,0,0,0,0,39,397,,,,
1415057633.47891,pg_catalog,pg_shdepend,0,0,537,116,0,0,0,0,0,0,39,77,158,589,,,,
1415057633.47891,pg_catalog,pg_constraint,0,0,40,16,24,0,16,0,8,16,13,116,24,224,0,0,0,0
1415057633.47891,pg_catalog,pg_index,2907,370118,50188,70941,84,0,56,0,143,56,3238,63022,3279,57099,,,,
1415057633.47891,pg_catalog,pg_ts_dict,0,0,0,0,0,0,0,0,0,0,0,0,0,0,,,,
1415057633.47891,pg_toast,pg_toast_2604,0,0,0,0,0,0,0,0,0,0,0,0,0,0,,,,
1415057633.47891,pg_toast,pg_toast_11732,0,0,0,0,0,0,0,0,0,0,0,0,0,0,,,,
1415057633.47891,pg_catalog,pg_proc,0,0,63428,92797,0,0,0,0,0,0,9012,65837,8241,129135,0,0,0,0
1415057693.48254,pg_catalog,pg_attrdef,0,0,0,0,0,0,0,0,0,0,0,0,0,0,0,0,0,0
1415057693.48254,pg_catalog,pg_db_role_setting,0,0,26104,0,0,0,0,0,0,0,0,0,956,25148,0,0,0,0
1415057693.48254,pg_catalog,pg_rowsecurity,0,0,0,0,0,0,0,0,0,0,0,0,0,0,,,,
1415057693.48254,pg_catalog,pg_description,0,0,424,0,0,0,0,0,0,0,0,0,123,825,0,0,0,0
1415057693.48254,pg_catalog,pg_foreign_data_wrapper,0,0,0,0,0,0,0,0,0,0,0,0,0,0,,,,
1415057693.48254,pg_catalog,pg_conversion,0,0,0,0,0,0,0,0,0,0,0,0,0,0,,,,
1415057693.48254,information_schema,sql_features,0,0,,,0,0,0,0,0,0,0,0,,,0,0,0,0
1415057693.48254,pg_catalog,pg_class,5712,1587814,235034,225042,194,70,156,66,337,74,7246,274551,7858,477721,,,,
1415057693.48254,pg_catalog,pg_opfamily,0,0,0,0,0,0,0,0,0,0,0,0,0,0,,,,
1415057693.48254,pg_catalog,pg_auth_members,0,0,0,0,0,0,0,0,0,0,0,0,0,0,,,,
1415057693.48254,pg_catalog,pg_operator,0,0,32293,134510,0,0,0,0,0,0,8811,87432,5942,66971,,,,
1415057693.48254,information_schema,sql_packages,0,0,,,0,0,0,0,0,0,0,0,,,0,0,0,0
1415057693.48254,pg_catalog,pg_attribute,473,3225,154910,293191,824,30,646,7,2514,12,8973,164947,4737,315835,,,,
1415057693.48254,pg_catalog,pg_tablespace,2,4,4534,4534,0,0,0,0,0,0,757,3779,1522,7562,,,,
1415057693.48254,pg_catalog,pg_statistic,0,0,29223,25674,195,404,132,125,464,91,4372,23105,2471,61546,409,1175,316,1287
1415057693.48254,pg_catalog,pg_aggregate,0,0,2133,2133,0,0,0,0,0,0,695,1438,1390,2447,,,,
1415057693.48254,pg_catalog,pg_inherits,0,0,100,0,0,0,0,0,0,0,0,0,41,59,,,,
1415057693.48254,information_schema,sql_sizing,0,0,,,0,0,0,0,0,0,0,0,,,0,0,0,0
1415057693.48254,pg_catalog,pg_enum,0,0,0,0,0,0,0,0,0,0,0,0,0,0,,,,
1415057693.48254,pg_toast,pg_toast_2396,0,0,0,0,0,0,0,0,0,0,0,0,0,0,,,,
1415057693.48254,pg_catalog,pg_pltemplate,0,0,0,0,0,0,0,0,0,0,0,0,0,0,,,,
1415057693.48254,pg_toast,pg_toast_2618,0,0,2627,8402,0,0,0,0,0,0,910,2255,344,3866,,,,
1415057693.48254,public,supplier,9,500000,3302830,3372704,100000,0,0,0,100000,0,9235,3322465,761,6623989,,,,
1415057693.48254,pg_toast,pg_toast_3596,0,0,0,0,0,0,0,0,0,0,0,0,0,0,,,,
1415057693.48254,pg_toast,pg_toast_11747,0,0,0,0,0,0,0,0,0,0,0,0,0,0,,,,
1415057693.48254,pg_toast,pg_toast_11727,0,0,0,0,0,0,0,0,0,0,0,0,0,0,,,,
1415057693.48254,pg_toast,pg_toast_2606,0,0,0,0,0,0,0,0,0,0,0,0,0,0,,,,
1415057693.48254,public,partsupp,7,40000000,56098,2350708,8000000,0,0,0,8000000,0,847621,3059269,38401,136536,,,,
1415057693.48254,pg_toast,pg_toast_2964,0,0,0,0,0,0,0,0,0,0,0,0,0,0,,,,
1415057693.48254,pg_catalog,pg_database,1573,6232,25047,25045,1,0,0,0,1,0,659,25960,4010,34081,,,,
1415057693.48254,information_schema,sql_parts,0,0,,,0,0,0,0,0,0,0,0,,,0,0,0,0
1415057693.48254,pg_toast,pg_toast_2620,0,0,0,0,0,0,0,0,0,0,0,0,0,0,,,,
1415057693.48254,pg_toast,pg_toast_11737,0,0,0,0,0,0,0,0,0,0,0,0,0,0,,,,
1415057693.48254,pg_catalog,pg_depend,0,0,4360,4662,834,0,744,0,6685,745,579,5318,976,11540,,,,
1415057693.48254,pg_catalog,pg_language,0,0,0,0,0,0,0,0,0,0,0,0,0,0,,,,
1415057693.48254,information_schema,sql_implementation_info,0,0,,,0,0,0,0,0,0,0,0,,,0,0,0,0
1415057693.48254,pg_catalog,pg_amproc,86,172,21290,33036,0,0,0,0,0,0,1020,20184,2865,45719,,,,
1415057693.48254,pg_catalog,pg_collation,0,0,0,0,0,0,0,0,0,0,0,0,0,0,,,,
1415057693.48254,pg_catalog,pg_range,0,0,752,0,0,0,0,0,0,0,0,0,1160,344,,,,
1415057693.48254,pg_toast,pg_toast_2609,0,0,0,0,0,0,0,0,0,0,0,0,0,0,,,,
1415057693.48254,public,part,10,16000000,62,4336101,2000000,0,0,0,2000000,0,213945,410326,11951,193,,,,
1415057693.48254,pg_catalog,pg_opclass,86,86,26903,305350,0,0,0,0,0,0,2177,116832,3072,32573,,,,
1415057693.48254,pg_toast,pg_toast_11752,0,0,0,0,0,0,0,0,0,0,0,0,0,0,,,,
1415057693.48254,pg_catalog,pg_rewrite,0,0,3995,3833,54,0,54,0,110,54,1020,3103,504,6334,910,2255,688,7732
1415057693.48254,public,orders,14,120060000,5167681,5456448,15015000,0,0,0,15015000,0,1505979,6688417,86709,15581073,,,,
1415057693.48254,pg_toast,pg_toast_1255,0,0,0,0,0,0,0,0,0,0,0,0,0,0,,,,
1415057693.48254,pg_catalog,pg_seclabel,0,0,424,0,0,0,0,0,0,0,0,0,41,383,0,0,0,0
1415057693.48254,public,region,6440,32175,14,14,5,0,0,0,5,0,3,6448,6,13,,,,
1415057693.48254,information_schema,sql_languages,0,0,,,0,0,0,0,0,0,0,0,,,0,0,0,0
1415057693.48254,pg_catalog,pg_ts_parser,0,0,0,0,0,0,0,0,0,0,0,0,0,0,,,,
1415057693.48254,pg_catalog,pg_trigger,0,0,0,0,0,0,0,0,0,0,0,0,0,0,0,0,0,0
1415057693.48254,pg_catalog,pg_shseclabel,0,0,0,0,0,0,0,0,0,0,0,0,0,0,,,,
1415057693.48254,pg_catalog,pg_event_trigger,0,0,224,0,0,0,0,0,0,0,0,0,40,184,,,,
1415057693.48254,pg_toast,pg_toast_11742,0,0,0,0,0,0,0,0,0,0,0,0,0,0,,,,
1415057693.48254,pg_catalog,pg_foreign_table,0,0,0,0,0,0,0,0,0,0,0,0,0,0,,,,
1415057693.48254,information_schema,sql_sizing_profiles,0,0,,,0,0,0,0,0,0,0,0,,,0,0,0,0
1415057693.48254,pg_catalog,pg_extension,0,0,0,0,0,0,0,0,0,0,0,0,0,0,,,,
1415057693.48254,pg_catalog,pg_ts_config,0,0,0,0,0,0,0,0,0,0,0,0,0,0,,,,
1415057693.48254,public,lineitem,16,720011475,2543153,70735504,60045669,0,0,0,60045857,0,16452313,21925422,661589,11155703,,,,
1415057693.48254,pg_catalog,pg_shdescription,0,0,0,0,0,0,0,0,0,0,0,0,0,0,0,0,0,0
1415057693.48254,public,customer,12,12000000,64,1172162,1500000,0,0,0,1500000,0,125978,559044,3605,189,,,,
1415057693.48254,pg_catalog,pg_cast,0,0,138616,38201,0,0,0,0,0,0,1304,36897,1503,142485,,,,
1415057693.48254,pg_catalog,pg_amop,0,0,43474,60016,0,0,0,0,0,0,2777,57239,4569,89807,,,,
1415057693.48254,public,nation,21,250,25790,25790,25,0,0,0,25,0,5,25797,10,25795,,,,
1415057693.48254,pg_catalog,pg_user_mapping,0,0,0,0,0,0,0,0,0,0,0,0,0,0,,,,
1415057693.48254,public,time_statistics,18,205,,,21,18,0,18,21,18,3,54,,,,,,
1415057693.48254,pg_catalog,pg_type,0,0,116939,116155,217,0,198,0,360,75,3139,113897,3649,237523,,,,
1415057693.48254,pg_catalog,pg_largeobject,0,0,0,0,0,0,0,0,0,0,0,0,0,0,,,,
1415057693.48254,pg_catalog,pg_ts_config_map,0,0,0,0,0,0,0,0,0,0,0,0,0,0,,,,
1415057693.48254,pg_catalog,pg_largeobject_metadata,0,0,0,0,0,0,0,0,0,0,0,0,0,0,,,,
1415057693.48254,pg_catalog,pg_am,6088,6088,0,0,0,0,0,0,0,0,893,5195,0,0,,,,
1415057693.48254,pg_toast,pg_toast_11722,0,0,0,0,0,0,0,0,0,0,0,0,0,0,,,,
1415057693.48254,pg_catalog,pg_ts_template,0,0,0,0,0,0,0,0,0,0,0,0,0,0,,,,
1415057693.48254,pg_catalog,pg_foreign_server,0,0,0,0,0,0,0,0,0,0,0,0,0,0,,,,
1415057693.48254,pg_catalog,pg_namespace,1370,13110,45890,40412,6,0,0,0,6,0,773,41025,1857,50752,,,,
1415057693.48254,pg_toast,pg_toast_2619,0,0,919,2249,281,0,30,0,251,30,409,1175,316,1287,,,,
1415057693.48254,pg_catalog,pg_authid,542,542,11020,11020,0,0,0,0,0,0,763,10799,3066,18974,,,,
1415057693.48254,pg_catalog,pg_default_acl,0,0,440,0,0,0,0,0,0,0,0,0,40,400,,,,
1415057693.48254,pg_catalog,pg_shdepend,0,0,542,117,0,0,0,0,0,0,40,77,162,592,,,,
1415057693.48254,pg_catalog,pg_constraint,0,0,40,16,24,0,16,0,8,16,13,116,24,224,0,0,0,0
1415057693.48254,pg_catalog,pg_index,2912,370833,50275,71057,84,0,56,0,143,56,3238,63146,3279,57204,,,,
1415057693.48254,pg_catalog,pg_ts_dict,0,0,0,0,0,0,0,0,0,0,0,0,0,0,,,,
1415057693.48254,pg_toast,pg_toast_2604,0,0,0,0,0,0,0,0,0,0,0,0,0,0,,,,
1415057693.48254,pg_toast,pg_toast_11732,0,0,0,0,0,0,0,0,0,0,0,0,0,0,,,,
1415057693.48254,pg_catalog,pg_proc,0,0,63544,92975,0,0,0,0,0,0,9016,65966,8242,129386,0,0,0,0
1415057753.49207,pg_catalog,pg_attrdef,0,0,0,0,0,0,0,0,0,0,0,0,0,0,0,0,0,0
1415057753.49207,pg_catalog,pg_db_role_setting,0,0,26144,0,0,0,0,0,0,0,0,0,956,25188,0,0,0,0
1415057753.49207,pg_catalog,pg_rowsecurity,0,0,0,0,0,0,0,0,0,0,0,0,0,0,,,,
1415057753.49207,pg_catalog,pg_description,0,0,424,0,0,0,0,0,0,0,0,0,123,825,0,0,0,0
1415057753.49207,pg_catalog,pg_foreign_data_wrapper,0,0,0,0,0,0,0,0,0,0,0,0,0,0,,,,
1415057753.49207,pg_catalog,pg_conversion,0,0,0,0,0,0,0,0,0,0,0,0,0,0,,,,
1415057753.49207,information_schema,sql_features,0,0,,,0,0,0,0,0,0,0,0,,,0,0,0,0
1415057753.49207,pg_catalog,pg_class,5723,1591201,235412,225417,194,70,156,66,337,74,7247,275047,7858,478499,,,,
1415057753.49207,pg_catalog,pg_opfamily,0,0,0,0,0,0,0,0,0,0,0,0,0,0,,,,
1415057753.49207,pg_catalog,pg_auth_members,0,0,0,0,0,0,0,0,0,0,0,0,0,0,,,,
1415057753.49207,pg_catalog,pg_operator,0,0,32330,134694,0,0,0,0,0,0,8811,87560,5943,67057,,,,
1415057753.49207,information_schema,sql_packages,0,0,,,0,0,0,0,0,0,0,0,,,0,0,0,0
1415057753.49207,pg_catalog,pg_attribute,473,3225,155135,293580,824,30,646,7,2514,12,8979,165175,4737,316293,,,,
1415057753.49207,pg_catalog,pg_tablespace,2,4,4541,4541,0,0,0,0,0,0,757,3786,1522,7576,,,,
1415057753.49207,pg_catalog,pg_statistic,0,0,29258,25702,195,404,132,125,464,91,4373,23132,2471,61623,411,1183,316,1301
1415057753.49207,pg_catalog,pg_aggregate,0,0,2138,2138,0,0,0,0,0,0,695,1443,1390,2454,,,,
1415057753.49207,pg_catalog,pg_inherits,0,0,100,0,0,0,0,0,0,0,0,0,41,59,,,,
1415057753.49207,information_schema,sql_sizing,0,0,,,0,0,0,0,0,0,0,0,,,0,0,0,0
1415057753.49207,pg_catalog,pg_enum,0,0,0,0,0,0,0,0,0,0,0,0,0,0,,,,
1415057753.49207,pg_toast,pg_toast_2396,0,0,0,0,0,0,0,0,0,0,0,0,0,0,,,,
1415057753.49207,pg_catalog,pg_pltemplate,0,0,0,0,0,0,0,0,0,0,0,0,0,0,,,,
1415057753.49207,pg_toast,pg_toast_2618,0,0,2631,8416,0,0,0,0,0,0,913,2257,344,3872,,,,
1415057753.49207,public,supplier,9,500000,3302830,3372704,100000,0,0,0,100000,0,9235,3322465,761,6623989,,,,
1415057753.49207,pg_toast,pg_toast_3596,0,0,0,0,0,0,0,0,0,0,0,0,0,0,,,,
1415057753.49207,pg_toast,pg_toast_11747,0,0,0,0,0,0,0,0,0,0,0,0,0,0,,,,
1415057753.49207,pg_toast,pg_toast_11727,0,0,0,0,0,0,0,0,0,0,0,0,0,0,,,,
1415057753.49207,pg_toast,pg_toast_2606,0,0,0,0,0,0,0,0,0,0,0,0,0,0,,,,
1415057753.49207,public,partsupp,7,40000000,56098,2350708,8000000,0,0,0,8000000,0,847621,3059269,38401,136536,,,,
1415057753.49207,pg_toast,pg_toast_2964,0,0,0,0,0,0,0,0,0,0,0,0,0,0,,,,
1415057753.49207,pg_catalog,pg_database,1576,6244,25085,25083,1,0,0,0,1,0,659,26001,4010,34139,,,,
1415057753.49207,information_schema,sql_parts,0,0,,,0,0,0,0,0,0,0,0,,,0,0,0,0
1415057753.49207,pg_toast,pg_toast_2620,0,0,0,0,0,0,0,0,0,0,0,0,0,0,,,,
1415057753.49207,pg_toast,pg_toast_11737,0,0,0,0,0,0,0,0,0,0,0,0,0,0,,,,
1415057753.49207,pg_catalog,pg_depend,0,0,4360,4662,834,0,744,0,6685,745,579,5318,976,11540,,,,
1415057753.49207,pg_catalog,pg_language,0,0,0,0,0,0,0,0,0,0,0,0,0,0,,,,
1415057753.49207,information_schema,sql_implementation_info,0,0,,,0,0,0,0,0,0,0,0,,,0,0,0,0
1415057753.49207,pg_catalog,pg_amproc,86,172,21318,33078,0,0,0,0,0,0,1020,20211,2865,45783,,,,
1415057753.49207,pg_catalog,pg_collation,0,0,0,0,0,0,0,0,0,0,0,0,0,0,,,,
1415057753.49207,pg_catalog,pg_range,0,0,753,0,0,0,0,0,0,0,0,0,1160,346,,,,
1415057753.49207,pg_toast,pg_toast_2609,0,0,0,0,0,0,0,0,0,0,0,0,0,0,,,,
1415057753.49207,public,part,10,16000000,62,4336101,2000000,0,0,0,2000000,0,213945,410326,11951,193,,,,
1415057753.49207,pg_catalog,pg_opclass,86,86,26935,305711,0,0,0,0,0,0,2177,116972,3072,32618,,,,
1415057753.49207,pg_toast,pg_toast_11752,0,0,0,0,0,0,0,0,0,0,0,0,0,0,,,,
1415057753.49207,pg_catalog,pg_rewrite,0,0,4002,3840,54,0,54,0,110,54,1024,3106,504,6346,913,2257,688,7744
1415057753.49207,public,orders,14,120060000,5167681,5456448,15015000,0,0,0,15015000,0,1505979,6688417,86709,15581073,,,,
1415057753.49207,pg_toast,pg_toast_1255,0,0,0,0,0,0,0,0,0,0,0,0,0,0,,,,
1415057753.49207,pg_catalog,pg_seclabel,0,0,424,0,0,0,0,0,0,0,0,0,41,383,0,0,0,0
1415057753.49207,public,region,6440,32175,14,14,5,0,0,0,5,0,3,6448,6,13,,,,
1415057753.49207,information_schema,sql_languages,0,0,,,0,0,0,0,0,0,0,0,,,0,0,0,0
1415057753.49207,pg_catalog,pg_ts_parser,0,0,0,0,0,0,0,0,0,0,0,0,0,0,,,,
1415057753.49207,pg_catalog,pg_trigger,0,0,0,0,0,0,0,0,0,0,0,0,0,0,0,0,0,0
1415057753.49207,pg_catalog,pg_shseclabel,0,0,0,0,0,0,0,0,0,0,0,0,0,0,,,,
1415057753.49207,pg_catalog,pg_event_trigger,0,0,224,0,0,0,0,0,0,0,0,0,40,184,,,,
1415057753.49207,pg_toast,pg_toast_11742,0,0,0,0,0,0,0,0,0,0,0,0,0,0,,,,
1415057753.49207,pg_catalog,pg_foreign_table,0,0,0,0,0,0,0,0,0,0,0,0,0,0,,,,
1415057753.49207,information_schema,sql_sizing_profiles,0,0,,,0,0,0,0,0,0,0,0,,,0,0,0,0
1415057753.49207,pg_catalog,pg_extension,0,0,0,0,0,0,0,0,0,0,0,0,0,0,,,,
1415057753.49207,pg_catalog,pg_ts_config,0,0,0,0,0,0,0,0,0,0,0,0,0,0,,,,
1415057753.49207,public,lineitem,17,780057144,2543153,70735504,60045669,0,0,0,60045857,0,16866088,22578122,661597,11155703,,,,
1415057753.49207,pg_catalog,pg_shdescription,0,0,0,0,0,0,0,0,0,0,0,0,0,0,0,0,0,0
1415057753.49207,public,customer,12,12000000,64,1172162,1500000,0,0,0,1500000,0,125978,559044,3605,189,,,,
1415057753.49207,pg_catalog,pg_cast,0,0,138786,38249,0,0,0,0,0,0,1304,36945,1503,142663,,,,
1415057753.49207,pg_catalog,pg_amop,0,0,43525,60084,0,0,0,0,0,0,2777,57307,4570,89919,,,,
1415057753.49207,public,nation,21,250,25790,25790,25,0,0,0,25,0,5,25797,10,25795,,,,
1415057753.49207,pg_catalog,pg_user_mapping,0,0,0,0,0,0,0,0,0,0,0,0,0,0,,,,
1415057753.49207,public,time_statistics,19,226,,,22,19,0,19,22,19,3,57,,,,,,
1415057753.49207,pg_catalog,pg_type,0,0,117112,116328,217,0,198,0,360,75,3139,114070,3650,237877,,,,
1415057753.49207,pg_catalog,pg_largeobject,0,0,0,0,0,0,0,0,0,0,0,0,0,0,,,,
1415057753.49207,pg_catalog,pg_ts_config_map,0,0,0,0,0,0,0,0,0,0,0,0,0,0,,,,
1415057753.49207,pg_catalog,pg_largeobject_metadata,0,0,0,0,0,0,0,0,0,0,0,0,0,0,,,,
1415057753.49207,pg_catalog,pg_am,6096,6096,0,0,0,0,0,0,0,0,893,5203,0,0,,,,
1415057753.49207,pg_toast,pg_toast_11722,0,0,0,0,0,0,0,0,0,0,0,0,0,0,,,,
1415057753.49207,pg_catalog,pg_ts_template,0,0,0,0,0,0,0,0,0,0,0,0,0,0,,,,
1415057753.49207,pg_catalog,pg_foreign_server,0,0,0,0,0,0,0,0,0,0,0,0,0,0,,,,
1415057753.49207,pg_catalog,pg_namespace,1372,13134,46057,40571,6,0,0,0,6,0,773,41186,1857,50929,,,,
1415057753.49207,pg_toast,pg_toast_2619,0,0,928,2272,281,0,30,0,251,30,411,1183,316,1301,,,,
1415057753.49207,pg_catalog,pg_authid,543,543,11036,11036,0,0,0,0,0,0,763,10816,3066,19006,,,,
1415057753.49207,pg_catalog,pg_default_acl,0,0,440,0,0,0,0,0,0,0,0,0,40,400,,,,
1415057753.49207,pg_catalog,pg_shdepend,0,0,542,117,0,0,0,0,0,0,40,77,162,592,,,,
1415057753.49207,pg_catalog,pg_constraint,0,0,40,16,24,0,16,0,8,16,13,116,24,224,0,0,0,0
1415057753.49207,pg_catalog,pg_index,2917,371548,50333,71135,84,0,56,0,143,56,3238,63240,3279,57276,,,,
1415057753.49207,pg_catalog,pg_ts_dict,0,0,0,0,0,0,0,0,0,0,0,0,0,0,,,,
1415057753.49207,pg_toast,pg_toast_2604,0,0,0,0,0,0,0,0,0,0,0,0,0,0,,,,
1415057753.49207,pg_toast,pg_toast_11732,0,0,0,0,0,0,0,0,0,0,0,0,0,0,,,,
1415057753.49207,pg_catalog,pg_proc,0,0,63651,93131,0,0,0,0,0,0,9020,66089,8245,129613,0,0,0,0
1415057813.49493,pg_catalog,pg_attrdef,0,0,0,0,0,0,0,0,0,0,0,0,0,0,0,0,0,0
1415057813.49493,pg_catalog,pg_db_role_setting,0,0,26220,0,0,0,0,0,0,0,0,0,956,25264,0,0,0,0
1415057813.49493,pg_catalog,pg_rowsecurity,0,0,0,0,0,0,0,0,0,0,0,0,0,0,,,,
1415057813.49493,pg_catalog,pg_description,0,0,424,0,0,0,0,0,0,0,0,0,123,825,0,0,0,0
1415057813.49493,pg_catalog,pg_foreign_data_wrapper,0,0,0,0,0,0,0,0,0,0,0,0,0,0,,,,
1415057813.49493,pg_catalog,pg_conversion,0,0,0,0,0,0,0,0,0,0,0,0,0,0,,,,
1415057813.49493,information_schema,sql_features,0,0,,,0,0,0,0,0,0,0,0,,,0,0,0,0
1415057813.49493,pg_catalog,pg_class,5732,1593914,235972,225952,194,70,156,66,337,74,7248,275681,7860,479656,,,,
1415057813.49493,pg_catalog,pg_opfamily,0,0,0,0,0,0,0,0,0,0,0,0,0,0,,,,
1415057813.49493,pg_catalog,pg_auth_members,0,0,0,0,0,0,0,0,0,0,0,0,0,0,,,,
1415057813.49493,pg_catalog,pg_operator,0,0,32443,135319,0,0,0,0,0,0,8811,87989,5944,67304,,,,
1415057813.49493,information_schema,sql_packages,0,0,,,0,0,0,0,0,0,0,0,,,0,0,0,0
1415057813.49493,pg_catalog,pg_attribute,473,3225,155523,294329,824,30,646,7,2514,12,8981,165594,4737,317090,,,,
1415057813.49493,pg_catalog,pg_tablespace,2,4,4554,4554,0,0,0,0,0,0,757,3799,1522,7602,,,,
1415057813.49493,pg_catalog,pg_statistic,0,0,29353,25779,195,404,132,125,464,91,4381,23201,2471,61825,437,1225,316,1356
1415057813.49493,pg_catalog,pg_aggregate,0,0,2143,2143,0,0,0,0,0,0,695,1448,1390,2464,,,,
1415057813.49493,pg_catalog,pg_inherits,0,0,100,0,0,0,0,0,0,0,0,0,41,59,,,,
1415057813.49493,information_schema,sql_sizing,0,0,,,0,0,0,0,0,0,0,0,,,0,0,0,0
1415057813.49493,pg_catalog,pg_enum,0,0,0,0,0,0,0,0,0,0,0,0,0,0,,,,
1415057813.49493,pg_toast,pg_toast_2396,0,0,0,0,0,0,0,0,0,0,0,0,0,0,,,,
1415057813.49493,pg_catalog,pg_pltemplate,0,0,0,0,0,0,0,0,0,0,0,0,0,0,,,,
1415057813.49493,pg_toast,pg_toast_2618,0,0,2636,8432,0,0,0,0,0,0,918,2258,344,3880,,,,
1415057813.49493,public,supplier,11,700000,3302838,3372712,100000,0,0,0,100000,0,11413,3324653,765,6624007,,,,
1415057813.49493,pg_toast,pg_toast_3596,0,0,0,0,0,0,0,0,0,0,0,0,0,0,,,,
1415057813.49493,pg_toast,pg_toast_11747,0,0,0,0,0,0,0,0,0,0,0,0,0,0,,,,
1415057813.49493,pg_toast,pg_toast_11727,0,0,0,0,0,0,0,0,0,0,0,0,0,0,,,,
1415057813.49493,pg_toast,pg_toast_2606,0,0,0,0,0,0,0,0,0,0,0,0,0,0,,,,
1415057813.49493,public,partsupp,7,40000000,56098,2350708,8000000,0,0,0,8000000,0,847621,3059269,38401,136536,,,,
1415057813.49493,pg_toast,pg_toast_2964,0,0,0,0,0,0,0,0,0,0,0,0,0,0,,,,
1415057813.49493,pg_catalog,pg_database,1579,6256,25149,25147,1,0,0,0,1,0,659,26068,4010,34241,,,,
1415057813.49493,information_schema,sql_parts,0,0,,,0,0,0,0,0,0,0,0,,,0,0,0,0
1415057813.49493,pg_toast,pg_toast_2620,0,0,0,0,0,0,0,0,0,0,0,0,0,0,,,,
1415057813.49493,pg_toast,pg_toast_11737,0,0,0,0,0,0,0,0,0,0,0,0,0,0,,,,
1415057813.49493,pg_catalog,pg_depend,0,0,4360,4662,834,0,744,0,6685,745,579,5318,976,11540,,,,
1415057813.49493,pg_catalog,pg_language,0,0,0,0,0,0,0,0,0,0,0,0,0,0,,,,
1415057813.49493,information_schema,sql_implementation_info,0,0,,,0,0,0,0,0,0,0,0,,,0,0,0,0
1415057813.49493,pg_catalog,pg_amproc,86,172,21381,33178,0,0,0,0,0,0,1020,20273,2865,45928,,,,
1415057813.49493,pg_catalog,pg_collation,0,0,0,0,0,0,0,0,0,0,0,0,0,0,,,,
1415057813.49493,pg_catalog,pg_range,0,0,757,0,0,0,0,0,0,0,0,0,1160,354,,,,
1415057813.49493,pg_toast,pg_toast_2609,0,0,0,0,0,0,0,0,0,0,0,0,0,0,,,,
1415057813.49493,public,part,10,16000000,78,4346537,2000000,0,0,0,2000000,0,223169,410326,13225,753,,,,
1415057813.49493,pg_catalog,pg_opclass,86,86,27019,306653,0,0,0,0,0,0,2177,117344,3072,32727,,,,
1415057813.49493,pg_toast,pg_toast_11752,0,0,0,0,0,0,0,0,0,0,0,0,0,0,,,,
1415057813.49493,pg_catalog,pg_rewrite,0,0,4008,3846,54,0,54,0,110,54,1028,3108,504,6356,918,2258,688,7760
1415057813.49493,public,orders,15,135075000,5167693,8295410,15015000,0,0,0,15015000,0,1908197,7019294,94477,15581099,,,,
1415057813.49493,pg_toast,pg_toast_1255,0,0,0,0,0,0,0,0,0,0,0,0,0,0,,,,
1415057813.49493,pg_catalog,pg_seclabel,0,0,424,0,0,0,0,0,0,0,0,0,41,383,0,0,0,0
1415057813.49493,public,region,6441,32180,16,16,5,0,0,0,5,0,4,6450,8,14,,,,
1415057813.49493,information_schema,sql_languages,0,0,,,0,0,0,0,0,0,0,0,,,0,0,0,0
1415057813.49493,pg_catalog,pg_ts_parser,0,0,0,0,0,0,0,0,0,0,0,0,0,0,,,,
1415057813.49493,pg_catalog,pg_trigger,0,0,0,0,0,0,0,0,0,0,0,0,0,0,0,0,0,0
1415057813.49493,pg_catalog,pg_shseclabel,0,0,0,0,0,0,0,0,0,0,0,0,0,0,,,,
1415057813.49493,pg_catalog,pg_event_trigger,0,0,224,0,0,0,0,0,0,0,0,0,40,184,,,,
1415057813.49493,pg_toast,pg_toast_11742,0,0,0,0,0,0,0,0,0,0,0,0,0,0,,,,
1415057813.49493,pg_catalog,pg_foreign_table,0,0,0,0,0,0,0,0,0,0,0,0,0,0,,,,
1415057813.49493,information_schema,sql_sizing_profiles,0,0,,,0,0,0,0,0,0,0,0,,,0,0,0,0
1415057813.49493,pg_catalog,pg_extension,0,0,0,0,0,0,0,0,0,0,0,0,0,0,,,,
1415057813.49493,pg_catalog,pg_ts_config,0,0,0,0,0,0,0,0,0,0,0,0,0,0,,,,
1415057813.49493,public,lineitem,17,780057144,4207155,88862436,60045669,0,0,0,60045857,0,17917379,23549527,1095181,17449429,,,,
1415057813.49493,pg_catalog,pg_shdescription,0,0,0,0,0,0,0,0,0,0,0,0,0,0,0,0,0,0
1415057813.49493,public,customer,14,15000000,81,1472012,1500000,0,0,0,1500000,0,196532,704375,4451,230,,,,
1415057813.49493,pg_catalog,pg_cast,0,0,139273,38360,0,0,0,0,0,0,1304,37056,1503,143166,,,,
1415057813.49493,pg_catalog,pg_amop,0,0,43655,60277,0,0,0,0,0,0,2777,57500,4571,90196,,,,
1415057813.49493,public,nation,24,325,25809,25833,25,0,0,0,25,0,5,25819,12,25815,,,,
1415057813.49493,pg_catalog,pg_user_mapping,0,0,0,0,0,0,0,0,0,0,0,0,0,0,,,,
1415057813.49493,public,time_statistics,23,320,,,26,23,0,23,26,23,3,69,,,,,,
1415057813.49493,pg_catalog,pg_type,0,0,117506,116722,217,0,198,0,360,75,3139,114464,3652,238682,,,,
1415057813.49493,pg_catalog,pg_largeobject,0,0,0,0,0,0,0,0,0,0,0,0,0,0,,,,
1415057813.49493,pg_catalog,pg_ts_config_map,0,0,0,0,0,0,0,0,0,0,0,0,0,0,,,,
1415057813.49493,pg_catalog,pg_largeobject_metadata,0,0,0,0,0,0,0,0,0,0,0,0,0,0,,,,
1415057813.49493,pg_catalog,pg_am,6115,6115,0,0,0,0,0,0,0,0,893,5222,0,0,,,,
1415057813.49493,pg_toast,pg_toast_11722,0,0,0,0,0,0,0,0,0,0,0,0,0,0,,,,
1415057813.49493,pg_catalog,pg_ts_template,0,0,0,0,0,0,0,0,0,0,0,0,0,0,,,,
1415057813.49493,pg_catalog,pg_foreign_server,0,0,0,0,0,0,0,0,0,0,0,0,0,0,,,,
1415057813.49493,pg_catalog,pg_namespace,1374,13158,46247,40745,6,0,0,0,6,0,773,41362,1857,51137,,,,
1415057813.49493,pg_toast,pg_toast_2619,0,0,977,2442,281,0,30,0,251,30,437,1225,316,1356,,,,
1415057813.49493,pg_catalog,pg_authid,544,544,11070,11070,0,0,0,0,0,0,763,10851,3066,19074,,,,
1415057813.49493,pg_catalog,pg_default_acl,0,0,440,0,0,0,0,0,0,0,0,0,40,400,,,,
1415057813.49493,pg_catalog,pg_shdepend,0,0,542,117,0,0,0,0,0,0,40,77,162,592,,,,
1415057813.49493,pg_catalog,pg_constraint,0,0,40,16,24,0,16,0,8,16,13,116,24,224,0,0,0,0
1415057813.49493,pg_catalog,pg_index,2922,372263,50485,71352,84,0,56,0,143,56,3238,63431,3279,57455,,,,
1415057813.49493,pg_catalog,pg_ts_dict,0,0,0,0,0,0,0,0,0,0,0,0,0,0,,,,
1415057813.49493,pg_toast,pg_toast_2604,0,0,0,0,0,0,0,0,0,0,0,0,0,0,,,,
1415057813.49493,pg_toast,pg_toast_11732,0,0,0,0,0,0,0,0,0,0,0,0,0,0,,,,
1415057813.49493,pg_catalog,pg_proc,0,0,63823,93366,0,0,0,0,0,0,9030,66271,8245,129989,0,0,0,0
